state_number,state_name,consecutive_number,number_of_forms_submitted_for_persons_not_in_motor_vehicles,county,city,day_of_crash,month_of_crash,year_of_crash,day_of_week,hour_of_crash,national_highway_system,land_use,functional_system,route_signing,first_harmful_event,manner_of_collision,relation_to_junction_within_interchange_area,relation_to_junction_specific_location,type_of_intersection,work_zone,relation_to_trafficway,light_condition,atmospheric_conditions,related_factors_crash_level_1,related_factors_crash_level_2,related_factors_crash_level_3,number_of_fatalities,vehicle_number,person_number,rollover,age,sex,person_type,injury_severity,police_reported_alcohol_involvement,police_reported_drug_involvement,related_factors_person_level1,related_factors_person_level2,related_factors_person_level3,race,vehicle_make,vehicle_model,body_type,vehicle_model_year,vehicle_identification_number_vin,vehicle_trailing,gross_vehicle_weight_rating,hazardous_material_involvement,travel_speed,previous_recorded_crashes,previous_recorded_suspensions_and_revocations,previous_dwi_convictions,previous_speeding_convictions,speeding_related,related_factors_driver_level_1,related_factors_driver_level_2,related_factors_driver_level_3,related_factors_driver_level_4,roadway_alignment,roadway_grade,roadway_surface_type,roadway_surface_condition,crash_type,fatalities_in_vehicle
53,Washington,530365,1,33,1960,16,9,2015,4,21,0,2,4,4,8,0,No,3,Four-Way Intersection,None,1,3,2,0,0,0,1,1,1,No Rollover,21,Male,1,0,No (Alcohol Not Involved),No (Drugs Not Involved),0,0,0,0,72,706,80,2014,1HD1KRM15EB6,No Trailing Unit,Not Applicable,No,49,1,0,0,0,"Yes, Exceeded Speed Limit",28,0,0,0,Curve Left,Level,"Blacktop, Bituminous, or Asphalt",1,1,1
53,Washington,530365,1,33,1960,16,9,2015,4,21,0,2,4,4,8,0,No,3,Four-Way Intersection,None,1,3,2,0,0,0,1,1,1,No Rollover,21,Male,1,0,No (Alcohol Not Involved),No (Drugs Not Involved),0,0,0,0,72,706,80,2016,1HD1KRM16GB6,No Trailing Unit,Not Applicable,No,55,0,0,0,2,No,0,0,0,0,Curve Left,"Grade, Unknown Slope","Blacktop, Bituminous, or Asphalt",1,6,1
53,Washington,530365,1,33,1960,16,9,2015,4,21,0,2,4,4,8,0,No,3,Four-Way Intersection,None,1,3,2,0,0,0,1,1,1,No Rollover,21,Male,1,0,No (Alcohol Not Involved),No (Drugs Not Involved),0,0,0,0,72,706,80,2014,1HD1KRM17EB6,No Trailing Unit,Not Applicable,No,998,0,0,0,1,No,0,0,0,0,Curve Right,Level,"Blacktop, Bituminous, or Asphalt",1,6,1
53,Washington,530365,1,33,1960,16,9,2015,4,21,0,2,4,4,8,0,No,3,Four-Way Intersection,None,1,3,2,0,0,0,1,1,1,No Rollover,21,Male,1,0,No (Alcohol Not Involved),No (Drugs Not Involved),0,0,0,0,72,706,80,2014,1HD1KRM17EB6,No Trailing Unit,Not Applicable,No,998,99,99,99,99,No,83,0,0,0,Straight,Level,"Blacktop, Bituminous, or Asphalt",1,7,1
53,Washington,530365,1,33,1960,16,9,2015,4,21,0,2,4,4,8,0,No,3,Four-Way Intersection,None,1,3,2,0,0,0,1,1,1,No Rollover,21,Male,1,0,No (Alcohol Not Involved),No (Drugs Not Involved),0,0,0,0,72,706,80,2015,1HD1KRM1XFB6,No Trailing Unit,Not Applicable,No,120,98,0,0,0,"Yes, Exceeded Speed Limit",0,0,0,0,Curve Left,Level,"Blacktop, Bituminous, or Asphalt",1,1,1
53,Washington,530365,1,33,1960,16,9,2015,4,21,0,2,4,4,8,0,No,3,Four-Way Intersection,None,1,3,2,0,0,0,1,1,1,No Rollover,21,Male,1,0,No (Alcohol Not Involved),No (Drugs Not Involved),0,0,0,0,72,706,80,2015,1HD1KTM35FB6,No Trailing Unit,Not Applicable,No,998,0,0,0,1,"Yes, Too Fast for Conditions",0,0,0,0,Curve Left,Not Reported,"Blacktop, Bituminous, or Asphalt",1,1,1
53,Washington,530365,1,33,1960,16,9,2015,4,21,0,2,4,4,8,0,No,3,Four-Way Intersection,None,1,3,2,0,0,0,1,1,1,No Rollover,21,Male,1,0,No (Alcohol Not Involved),No (Drugs Not Involved),0,0,0,0,72,706,80,2010,1HD1LA617AC4,No Trailing Unit,Not Applicable,No,999,0,0,0,0,No,39,40,0,0,Straight,Level,"Blacktop, Bituminous, or Asphalt",1,12,1
53,Washington,530365,1,33,1960,16,9,2015,4,21,0,2,4,4,8,0,No,3,Four-Way Intersection,None,1,3,2,0,0,0,1,1,1,No Rollover,21,Male,1,0,No (Alcohol Not Involved),No (Drugs Not Involved),0,0,0,0,72,706,80,2012,1HD1LC314CC4,No Trailing Unit,Not Applicable,No,55,0,0,0,0,Unknown,6,0,0,0,Curve Left,Level,"Blacktop, Bituminous, or Asphalt",1,1,1
53,Washington,530365,1,33,1960,16,9,2015,4,21,0,2,4,4,8,0,No,3,Four-Way Intersection,None,1,3,2,0,0,0,1,1,1,No Rollover,21,Male,1,0,No (Alcohol Not Involved),No (Drugs Not Involved),0,0,0,0,72,706,80,2014,1HD1LC31XEC4,No Trailing Unit,Not Applicable,No,998,0,0,0,1,"Yes, Too Fast for Conditions",27,0,0,0,Straight,Level,Not Reported,1,1,1
53,Washington,530365,1,33,1960,16,9,2015,4,21,0,2,4,4,8,0,No,3,Four-Way Intersection,None,1,3,2,0,0,0,1,1,1,No Rollover,21,Male,1,0,No (Alcohol Not Involved),No (Drugs Not Involved),0,0,0,0,72,706,80,2015,1HD1LF316FC4,No Trailing Unit,Not Applicable,No,60,0,0,0,0,No,6,0,0,0,Straight,Level,Concrete,1,1,1
53,Washington,530365,1,33,1960,16,9,2015,4,21,0,2,4,4,8,0,No,3,Four-Way Intersection,None,1,3,2,0,0,0,1,1,1,No Rollover,21,Male,1,0,No (Alcohol Not Involved),No (Drugs Not Involved),0,0,0,0,72,706,82,2015,1HD1MAL10FB8,No Trailing Unit,Not Applicable,No,65,0,0,0,0,No,99,99,99,99,Straight,Level,"Blacktop, Bituminous, or Asphalt",1,44,0
53,Washington,530365,1,33,1960,16,9,2015,4,21,0,2,4,4,8,0,No,3,Four-Way Intersection,None,1,3,2,0,0,0,1,1,1,No Rollover,21,Male,1,0,No (Alcohol Not Involved),No (Drugs Not Involved),0,0,0,0,72,706,82,2014,1HD1MAL15EB8,No Trailing Unit,Not Applicable,No,30,0,0,0,1,No,6,0,0,0,Straight,Level,Not Reported,1,6,1
53,Washington,530365,1,33,1960,16,9,2015,4,21,0,2,4,4,8,0,No,3,Four-Way Intersection,None,1,3,2,0,0,0,1,1,1,No Rollover,21,Male,1,0,No (Alcohol Not Involved),No (Drugs Not Involved),0,0,0,0,72,706,80,2014,1HD1MAL17EB8,No Trailing Unit,Not Applicable,No,45,0,0,0,0,No,0,0,0,0,Straight,Level,Not Reported,1,13,1
53,Washington,530365,1,33,1960,16,9,2015,4,21,0,2,4,4,8,0,No,3,Four-Way Intersection,None,1,3,2,0,0,0,1,1,1,No Rollover,21,Male,1,0,No (Alcohol Not Involved),No (Drugs Not Involved),0,0,0,0,72,706,80,2013,1HD1PG817DB9,No Trailing Unit,Not Applicable,No,998,0,0,0,1,Unknown,99,99,99,99,Straight,Level,"Blacktop, Bituminous, or Asphalt",1,2,1
53,Washington,530365,1,33,1960,16,9,2015,4,21,0,2,4,4,8,0,No,3,Four-Way Intersection,None,1,3,2,0,0,0,1,1,1,No Rollover,21,Male,1,0,No (Alcohol Not Involved),No (Drugs Not Involved),0,0,0,0,72,706,80,2004,1HD1PHD1X4Y9,No Trailing Unit,Not Applicable,No,998,0,0,0,0,"Yes, Too Fast for Conditions",33,0,0,0,Curve Right,Level,"Blacktop, Bituminous, or Asphalt",1,6,1
53,Washington,530365,1,33,1960,16,9,2015,4,21,0,2,4,4,8,0,No,3,Four-Way Intersection,None,1,3,2,0,0,0,1,1,1,No Rollover,21,Male,1,0,No (Alcohol Not Involved),No (Drugs Not Involved),0,0,0,0,72,706,80,2004,1HD1PJE154Y9,No Trailing Unit,Not Applicable,No,998,0,0,0,1,No,0,0,0,0,Straight,Level,"Blacktop, Bituminous, or Asphalt",1,13,1
53,Washington,530365,1,33,1960,16,9,2015,4,21,0,2,4,4,8,0,No,3,Four-Way Intersection,None,1,3,2,0,0,0,1,1,1,No Rollover,21,Male,1,0,No (Alcohol Not Involved),No (Drugs Not Involved),0,0,0,0,72,706,80,2012,1HD1PR810CB9,No Trailing Unit,Not Applicable,No,998,0,0,0,0,No,0,0,0,0,Straight,Level,Not Reported,1,15,1
53,Washington,530365,1,33,1960,16,9,2015,4,21,0,2,4,4,8,0,No,3,Four-Way Intersection,None,1,3,2,0,0,0,1,1,1,No Rollover,21,Male,1,0,No (Alcohol Not Involved),No (Drugs Not Involved),0,0,0,0,72,706,80,2007,1HD1PR8137Y9,No Trailing Unit,Not Applicable,No,998,2,0,0,1,"Yes, Too Fast for Conditions",0,0,0,0,Curve Right,Level,"Blacktop, Bituminous, or Asphalt",1,1,1
53,Washington,530365,1,33,1960,16,9,2015,4,21,0,2,4,4,8,0,No,3,Four-Way Intersection,None,1,3,2,0,0,0,1,1,1,No Rollover,21,Male,1,0,No (Alcohol Not Involved),No (Drugs Not Involved),0,0,0,0,72,706,80,2009,1HD1PX8139K9,No Trailing Unit,Not Applicable,No,999,0,0,2,1,"Yes, Exceeded Speed Limit",83,0,0,0,Straight,Level,"Blacktop, Bituminous, or Asphalt",1,13,1
53,Washington,530365,1,33,1960,16,9,2015,4,21,0,2,4,4,8,0,No,3,Four-Way Intersection,None,1,3,2,0,0,0,1,1,1,No Rollover,21,Male,1,0,No (Alcohol Not Involved),No (Drugs Not Involved),0,0,0,0,72,706,80,2010,1HD1PY917AB9,No Trailing Unit,Not Applicable,No,45,0,0,0,0,No,27,0,0,0,Curve Left,Level,"Blacktop, Bituminous, or Asphalt",1,2,1
53,Washington,530365,1,33,1960,16,9,2015,4,21,0,2,4,4,8,0,No,3,Four-Way Intersection,None,1,3,2,0,0,0,1,1,1,No Rollover,21,Male,1,0,No (Alcohol Not Involved),No (Drugs Not Involved),0,0,0,0,72,706,80,2015,1HD1TAN11FB9,No Trailing Unit,Not Applicable,No,998,0,0,0,1,No,99,99,99,99,Curve Right,Level,"Blacktop, Bituminous, or Asphalt",1,0,1
53,Washington,530365,1,33,1960,16,9,2015,4,21,0,2,4,4,8,0,No,3,Four-Way Intersection,None,1,3,2,0,0,0,1,1,1,No Rollover,21,Male,1,0,No (Alcohol Not Involved),No (Drugs Not Involved),0,0,0,0,72,706,80,2012,1HD1TC816CB9,No Trailing Unit,Not Applicable,No,45,0,0,0,0,"Yes, Too Fast for Conditions",0,0,0,0,Curve Right,Level,Concrete,1,6,1
53,Washington,530365,1,33,1960,16,9,2015,4,21,0,2,4,4,8,0,No,3,Four-Way Intersection,None,1,3,2,0,0,0,1,1,1,No Rollover,21,Male,1,0,No (Alcohol Not Involved),No (Drugs Not Involved),0,0,0,0,72,706,80,2014,1HD1TEN10EB9,No Trailing Unit,Not Applicable,No,998,98,0,0,0,No,0,0,0,0,Curve Right,"Grade, Unknown Slope","Blacktop, Bituminous, or Asphalt",1,6,1
53,Washington,530365,1,33,1960,16,9,2015,4,21,0,2,4,4,8,0,No,3,Four-Way Intersection,None,1,3,2,0,0,0,1,1,1,No Rollover,21,Male,1,0,No (Alcohol Not Involved),No (Drugs Not Involved),0,0,0,0,72,706,80,2014,1HD1TEN10EB9,No Trailing Unit,Not Applicable,No,998,0,0,0,0,No,99,99,99,99,Straight,Level,"Blacktop, Bituminous, or Asphalt",1,3,1
53,Washington,530365,1,33,1960,16,9,2015,4,21,0,2,4,4,8,0,No,3,Four-Way Intersection,None,1,3,2,0,0,0,1,1,1,No Rollover,21,Male,1,0,No (Alcohol Not Involved),No (Drugs Not Involved),0,0,0,0,72,706,80,2014,1HD1TEN14EB9,No Trailing Unit,Not Applicable,No,998,0,0,0,0,Unknown,99,99,99,99,Straight,"Grade, Unknown Slope","Blacktop, Bituminous, or Asphalt",1,6,1
53,Washington,530365,1,33,1960,16,9,2015,4,21,0,2,4,4,8,0,No,3,Four-Way Intersection,None,1,3,2,0,0,0,1,1,1,No Rollover,21,Male,1,0,No (Alcohol Not Involved),No (Drugs Not Involved),0,0,0,0,72,706,80,2014,1HD1TEN19EB9,No Trailing Unit,Not Applicable,No,998,0,0,0,1,"Yes, Too Fast for Conditions",39,52,0,0,Curve Right,Level,Not Reported,1,6,1
53,Washington,530365,1,33,1960,16,9,2015,4,21,0,2,4,4,8,0,No,3,Four-Way Intersection,None,1,3,2,0,0,0,1,1,1,No Rollover,21,Male,1,0,No (Alcohol Not Involved),No (Drugs Not Involved),0,0,0,0,72,706,80,2015,1HD1VAM1XFC3,No Trailing Unit,Not Applicable,No,998,0,1,1,0,"Yes, Specifics Unknown",0,0,0,0,Curve Left,Level,"Blacktop, Bituminous, or Asphalt",1,2,1
53,Washington,530365,1,33,1960,16,9,2015,4,21,0,2,4,4,8,0,No,3,Four-Way Intersection,None,1,3,2,0,0,0,1,1,1,No Rollover,21,Male,1,0,No (Alcohol Not Involved),No (Drugs Not Involved),0,0,0,0,72,706,80,2004,1HD4CAM124K4,No Trailing Unit,Not Applicable,No,998,0,2,1,0,Unknown,0,0,0,0,Straight,Level,"Blacktop, Bituminous, or Asphalt",1,0,1
53,Washington,530365,1,33,1960,16,9,2015,4,21,0,2,4,4,8,0,No,3,Four-Way Intersection,None,1,3,2,0,0,0,1,1,1,No Rollover,21,Male,1,0,No (Alcohol Not Involved),No (Drugs Not Involved),0,0,0,0,72,706,80,1992,1HD4CAM12NY2,No Trailing Unit,Not Applicable,No,999,0,0,0,0,"Yes, Specifics Unknown",52,0,0,0,Curve Right,Level,"Blacktop, Bituminous, or Asphalt",1,6,1
53,Washington,530365,1,33,1960,16,9,2015,4,21,0,2,4,4,8,0,No,3,Four-Way Intersection,None,1,3,2,0,0,0,1,1,1,No Rollover,21,Male,1,0,No (Alcohol Not Involved),No (Drugs Not Involved),0,0,0,0,72,706,80,2003,1HD4CAM133K4,No Trailing Unit,Not Applicable,No,60,0,4,0,0,"Yes, Too Fast for Conditions",0,0,0,0,Straight,Level,Dirt,1,14,1
53,Washington,530365,1,33,1960,16,9,2015,4,21,0,2,4,4,8,0,No,3,Four-Way Intersection,None,1,3,2,0,0,0,1,1,1,No Rollover,21,Male,1,0,No (Alcohol Not Involved),No (Drugs Not Involved),0,0,0,0,72,706,80,1995,1HD4CAM13SY2,No Trailing Unit,Not Applicable,No,998,0,0,0,1,"Yes, Specifics Unknown",0,0,0,0,Curve Right,"Grade, Unknown Slope","Blacktop, Bituminous, or Asphalt",1,6,1
53,Washington,530365,1,33,1960,16,9,2015,4,21,0,2,4,4,8,0,No,3,Four-Way Intersection,None,1,3,2,0,0,0,1,1,1,No Rollover,21,Male,1,0,No (Alcohol Not Involved),No (Drugs Not Involved),0,0,0,0,72,706,80,2001,1HD4CAM181K1,No Trailing Unit,Not Applicable,No,998,0,0,0,0,No,83,0,0,0,Straight,Level,"Blacktop, Bituminous, or Asphalt",1,13,1
53,Washington,530365,1,33,1960,16,9,2015,4,21,0,2,4,4,8,0,No,3,Four-Way Intersection,None,1,3,2,0,0,0,1,1,1,No Rollover,21,Male,1,0,No (Alcohol Not Involved),No (Drugs Not Involved),0,0,0,0,72,706,80,1994,1HD4CAM1XRY2,No Trailing Unit,Not Applicable,No,998,0,0,0,0,No,0,0,0,0,Straight,Level,"Blacktop, Bituminous, or Asphalt",1,13,1
53,Washington,530365,1,33,1960,16,9,2015,4,21,0,2,4,4,8,0,No,3,Four-Way Intersection,None,1,3,2,0,0,0,1,1,1,No Rollover,21,Male,1,0,No (Alcohol Not Involved),No (Drugs Not Involved),0,0,0,0,72,706,80,1999,1HD4CAM3XXK1,No Trailing Unit,Not Applicable,No,40,0,0,0,0,No,6,0,0,0,Curve Left,Downhill,"Blacktop, Bituminous, or Asphalt",1,1,1
53,Washington,530365,1,33,1960,16,9,2015,4,21,0,2,4,4,8,0,No,3,Four-Way Intersection,None,1,3,2,0,0,0,1,1,1,No Rollover,21,Male,1,0,No (Alcohol Not Involved),No (Drugs Not Involved),0,0,0,0,72,706,80,1997,1HD4CEM14VY2,No Trailing Unit,Not Applicable,No,999,0,0,0,0,No,58,0,0,0,Curve Right,Uphill,"Blacktop, Bituminous, or Asphalt",1,1,1
53,Washington,530365,1,33,1960,16,9,2015,4,21,0,2,4,4,8,0,No,3,Four-Way Intersection,None,1,3,2,0,0,0,1,1,1,No Rollover,21,Male,1,0,No (Alcohol Not Involved),No (Drugs Not Involved),0,0,0,0,72,706,80,2001,1HD4CJM131K1,No Trailing Unit,Not Applicable,No,100,0,3,0,6,"Yes, Exceeded Speed Limit",0,0,0,0,Straight,Level,"Blacktop, Bituminous, or Asphalt",1,15,1
53,Washington,530365,1,33,1960,16,9,2015,4,21,0,2,4,4,8,0,No,3,Four-Way Intersection,None,1,3,2,0,0,0,1,1,1,No Rollover,21,Male,1,0,No (Alcohol Not Involved),No (Drugs Not Involved),0,0,0,0,72,706,80,2001,1HD4CJM171K1,No Trailing Unit,Not Applicable,No,998,0,0,0,0,No,0,0,0,0,Straight,Level,"Blacktop, Bituminous, or Asphalt",1,98,1
53,Washington,530365,1,33,1960,16,9,2015,4,21,0,2,4,4,8,0,No,3,Four-Way Intersection,None,1,3,2,0,0,0,1,1,1,No Rollover,21,Male,1,0,No (Alcohol Not Involved),No (Drugs Not Involved),0,0,0,0,72,706,80,1999,1HD4CJM18XK1,No Trailing Unit,Not Applicable,No,998,0,2,1,0,No,99,99,99,99,Curve Right,"Grade, Unknown Slope",Not Reported,1,1,1
53,Washington,530365,1,33,1960,16,9,2015,4,21,0,2,4,4,8,0,No,3,Four-Way Intersection,None,1,3,2,0,0,0,1,1,1,No Rollover,21,Male,1,0,No (Alcohol Not Involved),No (Drugs Not Involved),0,0,0,0,72,706,80,2004,1HD4CJM194K4,No Trailing Unit,Not Applicable,No,998,0,0,0,0,No,0,0,0,0,Curve Left,Level,"Blacktop, Bituminous, or Asphalt",1,1,1
53,Washington,530365,1,33,1960,16,9,2015,4,21,0,2,4,4,8,0,No,3,Four-Way Intersection,None,1,3,2,0,0,0,1,1,1,No Rollover,21,Male,1,0,No (Alcohol Not Involved),No (Drugs Not Involved),0,0,0,0,72,706,80,2007,1HD4CP2147K4,No Trailing Unit,Not Applicable,No,998,0,0,0,0,No,0,0,0,0,Straight,"Grade, Unknown Slope","Blacktop, Bituminous, or Asphalt",1,13,1
53,Washington,530365,1,33,1960,16,9,2015,4,21,0,2,4,4,8,0,No,3,Four-Way Intersection,None,1,3,2,0,0,0,1,1,1,No Rollover,21,Male,1,0,No (Alcohol Not Involved),No (Drugs Not Involved),0,0,0,0,72,706,80,2013,1HD4CR217DC4,No Trailing Unit,Not Applicable,No,999,1,0,0,0,"Yes, Too Fast for Conditions",58,0,0,0,Curve Left,Level,"Blacktop, Bituminous, or Asphalt",1,1,1
53,Washington,530365,1,33,1960,16,9,2015,4,21,0,2,4,4,8,0,No,3,Four-Way Intersection,None,1,3,2,0,0,0,1,1,1,No Rollover,21,Male,1,0,No (Alcohol Not Involved),No (Drugs Not Involved),0,0,0,0,72,706,80,2015,1HD4LE21XFC4,No Trailing Unit,Not Applicable,No,998,98,0,0,0,Unknown,6,28,0,0,Curve Left,Level,"Blacktop, Bituminous, or Asphalt",1,1,1
53,Washington,530365,1,33,1960,16,9,2015,4,21,0,2,4,4,8,0,No,3,Four-Way Intersection,None,1,3,2,0,0,0,1,1,1,No Rollover,21,Male,1,0,No (Alcohol Not Involved),No (Drugs Not Involved),0,0,0,0,72,706,80,2015,1HD4LE231FC4,No Trailing Unit,Not Applicable,No,65,0,0,0,0,"Yes, Too Fast for Conditions",0,0,0,0,Curve Left,Not Reported,Concrete,1,1,1
53,Washington,530365,1,33,1960,16,9,2015,4,21,0,2,4,4,8,0,No,3,Four-Way Intersection,None,1,3,2,0,0,0,1,1,1,No Rollover,21,Male,1,0,No (Alcohol Not Involved),No (Drugs Not Involved),0,0,0,0,72,706,80,2016,1HD4LE233GC4,No Trailing Unit,Not Applicable,No,45,0,0,0,0,"Yes, Too Fast for Conditions",0,0,0,0,Not Reported,Level,Concrete,1,1,1
53,Washington,530365,1,33,1960,16,9,2015,4,21,0,2,4,4,8,0,No,3,Four-Way Intersection,None,1,3,2,0,0,0,1,1,1,No Rollover,21,Male,1,0,No (Alcohol Not Involved),No (Drugs Not Involved),0,0,0,0,72,706,80,2015,1HD4NAA16FC5,No Trailing Unit,Not Applicable,No,50,1,0,0,2,"Yes, Exceeded Speed Limit",0,0,0,0,Curve Right,Level,Not Reported,1,6,1
53,Washington,530365,1,33,1960,16,9,2015,4,21,0,2,4,4,8,0,No,3,Four-Way Intersection,None,1,3,2,0,0,0,1,1,1,No Rollover,21,Male,1,0,No (Alcohol Not Involved),No (Drugs Not Involved),0,0,0,0,37,706,80,1983,1HFSC0219DA3,No Trailing Unit,Not Applicable,No,998,99,99,99,99,No,83,0,0,0,Straight,Level,"Blacktop, Bituminous, or Asphalt",1,13,1
53,Washington,530365,1,33,1960,16,9,2015,4,21,0,2,4,4,8,0,No,3,Four-Way Intersection,None,1,3,2,0,0,0,1,1,1,No Rollover,21,Male,1,0,No (Alcohol Not Involved),No (Drugs Not Involved),0,0,0,0,37,706,80,1984,1HFSC1207EA1,No Trailing Unit,Not Applicable,No,40,0,0,0,0,No,0,0,0,0,Curve Left,Level,Not Reported,1,1,1
53,Washington,530365,1,33,1960,16,9,2015,4,21,0,2,4,4,8,0,No,3,Four-Way Intersection,None,1,3,2,0,0,0,1,1,1,No Rollover,21,Male,1,0,No (Alcohol Not Involved),No (Drugs Not Involved),0,0,0,0,37,706,80,1985,1HFSC1416FA1,No Trailing Unit,Not Applicable,No,998,0,0,0,0,No,0,0,0,0,Curve Left,Level,"Blacktop, Bituminous, or Asphalt",1,1,1
53,Washington,530365,1,33,1960,16,9,2015,4,21,0,2,4,4,8,0,No,3,Four-Way Intersection,None,1,3,2,0,0,0,1,1,1,No Rollover,21,Male,1,0,No (Alcohol Not Involved),No (Drugs Not Involved),0,0,0,0,37,706,80,1984,1HFSC1428EA0,No Trailing Unit,Not Applicable,No,998,0,1,0,1,No,99,99,99,99,Straight,Level,"Blacktop, Bituminous, or Asphalt",1,0,1
53,Washington,530365,1,33,1960,16,9,2015,4,21,0,2,4,4,8,0,No,3,Four-Way Intersection,None,1,3,2,0,0,0,1,1,1,No Rollover,21,Male,1,0,No (Alcohol Not Involved),No (Drugs Not Involved),0,0,0,0,37,706,80,1986,1HFSC1428GA2,No Trailing Unit,Not Applicable,No,998,1,0,0,2,No,6,0,0,0,Curve Right,"Grade, Unknown Slope","Blacktop, Bituminous, or Asphalt",1,2,1
53,Washington,530365,1,33,1960,16,9,2015,4,21,0,2,4,4,8,0,No,3,Four-Way Intersection,None,1,3,2,0,0,0,1,1,1,No Rollover,21,Male,1,0,No (Alcohol Not Involved),No (Drugs Not Involved),0,0,0,0,37,706,80,1999,1HFSC1804XA3,No Trailing Unit,Not Applicable,No,999,0,0,0,0,No,82,0,0,0,Curve Left,Level,"Blacktop, Bituminous, or Asphalt",1,0,1
53,Washington,530365,1,33,1960,16,9,2015,4,21,0,2,4,4,8,0,No,3,Four-Way Intersection,None,1,3,2,0,0,0,1,1,1,No Rollover,21,Male,1,0,No (Alcohol Not Involved),No (Drugs Not Involved),0,0,0,0,37,706,80,2004,1HFSC18064A8,No Trailing Unit,Not Applicable,No,999,0,1,1,0,"Yes, Exceeded Speed Limit",0,0,0,0,Curve Left,Level,"Blacktop, Bituminous, or Asphalt",1,1,1
53,Washington,530365,1,33,1960,16,9,2015,4,21,0,2,4,4,8,0,No,3,Four-Way Intersection,None,1,3,2,0,0,0,1,1,1,No Rollover,21,Male,1,0,No (Alcohol Not Involved),No (Drugs Not Involved),0,0,0,0,37,706,80,2000,1HFSC1807YA4,No Trailing Unit,Not Applicable,No,998,0,0,0,0,No,83,0,0,0,Curve Right,"Grade, Unknown Slope","Blacktop, Bituminous, or Asphalt",1,13,1
53,Washington,530365,1,33,1960,16,9,2015,4,21,0,2,4,4,8,0,No,3,Four-Way Intersection,None,1,3,2,0,0,0,1,1,1,No Rollover,21,Male,1,0,No (Alcohol Not Involved),No (Drugs Not Involved),0,0,0,0,37,706,80,1993,1HFSC2206PA5,No Trailing Unit,Not Applicable,No,998,0,0,0,0,"Yes, Too Fast for Conditions",87,0,0,0,Straight,Level,"Blacktop, Bituminous, or Asphalt",2,7,2
53,Washington,530365,1,33,1960,16,9,2015,4,21,0,2,4,4,8,0,No,3,Four-Way Intersection,None,1,3,2,0,0,0,1,1,1,No Rollover,21,Male,1,0,No (Alcohol Not Involved),No (Drugs Not Involved),0,0,0,0,37,706,80,1998,1HFSC3402WA1,No Trailing Unit,Not Applicable,No,45,0,0,0,0,No,0,0,0,0,Curve Right,Level,Not Reported,1,6,1
53,Washington,530365,1,33,1960,16,9,2015,4,21,0,2,4,4,8,0,No,3,Four-Way Intersection,None,1,3,2,0,0,0,1,1,1,No Rollover,21,Male,1,0,No (Alcohol Not Involved),No (Drugs Not Involved),0,0,0,0,37,706,80,1998,1HFSC3435WA1,No Trailing Unit,Not Applicable,No,999,0,0,0,0,No,0,0,0,0,Curve Left,"Grade, Unknown Slope","Blacktop, Bituminous, or Asphalt",1,1,1
53,Washington,530365,1,33,1960,16,9,2015,4,21,0,2,4,4,8,0,No,3,Four-Way Intersection,None,1,3,2,0,0,0,1,1,1,No Rollover,21,Male,1,0,No (Alcohol Not Involved),No (Drugs Not Involved),0,0,0,0,37,706,80,2005,1HFSC43015A5,No Trailing Unit,Not Applicable,No,998,0,0,0,0,"Yes, Too Fast for Conditions",0,0,0,0,Straight,"Grade, Unknown Slope",Not Reported,1,0,1
53,Washington,530365,1,33,1960,16,9,2015,4,21,0,2,4,4,8,0,No,3,Four-Way Intersection,None,1,3,2,0,0,0,1,1,1,No Rollover,21,Male,1,0,No (Alcohol Not Involved),No (Drugs Not Involved),0,0,0,0,37,706,80,2002,1HFSC43022A2,No Trailing Unit,Not Applicable,No,998,1,0,0,0,No,0,0,0,0,Straight,Level,Concrete,1,98,1
53,Washington,530365,1,33,1960,16,9,2015,4,21,0,2,4,4,8,0,No,3,Four-Way Intersection,None,1,3,2,0,0,0,1,1,1,No Rollover,21,Male,1,0,No (Alcohol Not Involved),No (Drugs Not Involved),0,0,0,0,37,706,80,2002,1HFSC43052A2,No Trailing Unit,Not Applicable,No,25,0,0,0,0,No,6,0,0,0,Curve Right,"Grade, Unknown Slope",Concrete,1,6,1
53,Washington,530365,1,33,1960,16,9,2015,4,21,0,2,4,4,8,0,No,3,Four-Way Intersection,None,1,3,2,0,0,0,1,1,1,No Rollover,21,Male,1,0,No (Alcohol Not Involved),No (Drugs Not Involved),0,0,0,0,37,706,80,2003,1HFSC46003A1,No Trailing Unit,Not Applicable,No,998,0,0,0,0,No,0,0,0,0,Straight,"Grade, Unknown Slope",Not Reported,6,0,1
53,Washington,530365,1,33,1960,16,9,2015,4,21,0,2,4,4,8,0,No,3,Four-Way Intersection,None,1,3,2,0,0,0,1,1,1,No Rollover,21,Male,1,0,No (Alcohol Not Involved),No (Drugs Not Involved),0,0,0,0,37,706,80,2002,1HFSC46032A0,No Trailing Unit,Not Applicable,No,998,0,0,0,0,No,6,0,0,0,Curve Left,Uphill,"Blacktop, Bituminous, or Asphalt",1,1,1