state_number,state_name,consecutive_number,number_of_forms_submitted_for_persons_not_in_motor_vehicles,county,city,day_of_crash,month_of_crash,year_of_crash,day_of_week,hour_of_crash,national_highway_system,land_use,functional_system,route_signing,first_harmful_event,manner_of_collision,relation_to_junction_within_interchange_area,relation_to_junction_specific_location,type_of_intersection,work_zone,relation_to_trafficway,light_condition,atmospheric_conditions,related_factors_crash_level_1,related_factors_crash_level_2,related_factors_crash_level_3,number_of_fatalities,vehicle_number,person_number,rollover,age,sex,person_type,injury_severity,police_reported_alcohol_involvement,police_reported_drug_involvement,related_factors_person_level1,related_factors_person_level2,related_factors_person_level3,race,vehicle_make,vehicle_model,body_type,vehicle_model_year,vehicle_identification_number_vin,vehicle_trailing,gross_vehicle_weight_rating,hazardous_material_involvement,travel_speed,previous_recorded_crashes,previous_recorded_suspensions_and_revocations,previous_dwi_convictions,previous_speeding_convictions,speeding_related,related_factors_driver_level_1,related_factors_driver_level_2,related_factors_driver_level_3,related_factors_driver_level_4,roadway_alignment,roadway_grade,roadway_surface_type,roadway_surface_condition,crash_type,fatalities_in_vehicle
53,Washington,530365,1,33,1960,16,9,2015,4,21,0,2,4,4,8,0,No,3,Four-Way Intersection,None,1,3,2,0,0,0,1,1,1,No Rollover,21,Male,1,0,No (Alcohol Not Involved),No (Drugs Not Involved),0,0,0,0,20,403,14,2003,1GNDT13S5321,No Trailing Unit,Not Applicable,No,998,0,5,0,0,"Yes, Specifics Unknown",6,36,58,0,Curve Right,Level,Concrete,1,98,2
53,Washington,530365,1,33,1960,16,9,2015,4,21,0,2,4,4,8,0,No,3,Four-Way Intersection,None,1,3,2,0,0,0,1,1,1,No Rollover,21,Male,1,0,No (Alcohol Not Involved),No (Drugs Not Involved),0,0,0,0,20,403,14,2004,1GNDT13S5424,No Trailing Unit,Not Applicable,No,998,0,1,0,0,No,6,0,0,0,Curve Right,Level,"Blacktop, Bituminous, or Asphalt",1,7,1
53,Washington,530365,1,33,1960,16,9,2015,4,21,0,2,4,4,8,0,No,3,Four-Way Intersection,None,1,3,2,0,0,0,1,1,1,No Rollover,21,Male,1,0,No (Alcohol Not Involved),No (Drugs Not Involved),0,0,0,0,20,403,14,2005,1GNDT13S5521,No Trailing Unit,Not Applicable,No,35,0,0,0,0,No,87,0,0,0,Straight,Level,"Blacktop, Bituminous, or Asphalt",3,1,1
53,Washington,530365,1,33,1960,16,9,2015,4,21,0,2,4,4,8,0,No,3,Four-Way Intersection,None,1,3,2,0,0,0,1,1,1,No Rollover,21,Male,1,0,No (Alcohol Not Involved),No (Drugs Not Involved),0,0,0,0,20,401,14,2002,1GNDT13S6222,No Trailing Unit,Not Applicable,No,998,0,0,0,0,No,6,0,0,0,Curve Left,Level,"Blacktop, Bituminous, or Asphalt",1,7,1
53,Washington,530365,1,33,1960,16,9,2015,4,21,0,2,4,4,8,0,No,3,Four-Way Intersection,None,1,3,2,0,0,0,1,1,1,No Rollover,21,Male,1,0,No (Alcohol Not Involved),No (Drugs Not Involved),0,0,0,0,20,421,15,2002,1GNDT13S6223,No Trailing Unit,Not Applicable,No,998,0,0,0,1,No,0,0,0,0,Straight,Level,"Blacktop, Bituminous, or Asphalt",1,6,1
53,Washington,530365,1,33,1960,16,9,2015,4,21,0,2,4,4,8,0,No,3,Four-Way Intersection,None,1,3,2,0,0,0,1,1,1,No Rollover,21,Male,1,0,No (Alcohol Not Involved),No (Drugs Not Involved),0,0,0,0,20,403,14,2004,1GNDT13S6423,No Trailing Unit,Not Applicable,No,998,0,0,0,0,"Yes, Exceeded Speed Limit",0,0,0,0,Curve Right,Level,Concrete,1,1,1
53,Washington,530365,1,33,1960,16,9,2015,4,21,0,2,4,4,8,0,No,3,Four-Way Intersection,None,1,3,2,0,0,0,1,1,1,No Rollover,21,Male,1,0,No (Alcohol Not Involved),No (Drugs Not Involved),0,0,0,0,20,403,14,2005,1GNDT13S6521,No Trailing Unit,Not Applicable,No,65,0,0,0,0,"Yes, Too Fast for Conditions",87,0,0,0,Curve Left,Hillcrest,"Blacktop, Bituminous, or Asphalt",4,7,1
53,Washington,530365,1,33,1960,16,9,2015,4,21,0,2,4,4,8,0,No,3,Four-Way Intersection,None,1,3,2,0,0,0,1,1,1,No Rollover,21,Male,1,0,No (Alcohol Not Involved),No (Drugs Not Involved),0,0,0,0,20,403,14,2008,1GNDT13S6821,No Trailing Unit,Not Applicable,No,998,0,0,0,0,No,99,99,99,99,Straight,Level,"Slag, Gravel or Stone",1,14,2
53,Washington,530365,1,33,1960,16,9,2015,4,21,0,2,4,4,8,0,No,3,Four-Way Intersection,None,1,3,2,0,0,0,1,1,1,No Rollover,21,Male,1,0,No (Alcohol Not Involved),No (Drugs Not Involved),0,0,0,0,20,401,14,2002,1GNDT13S7223,No Trailing Unit,Not Applicable,No,65,1,0,0,0,No,87,0,0,0,Straight,Level,Concrete,4,7,1
53,Washington,530365,1,33,1960,16,9,2015,4,21,0,2,4,4,8,0,No,3,Four-Way Intersection,None,1,3,2,0,0,0,1,1,1,No Rollover,21,Male,1,0,No (Alcohol Not Involved),No (Drugs Not Involved),0,0,0,0,20,403,14,2003,1GNDT13S7321,No Trailing Unit,Not Applicable,No,66,98,0,0,0,"Yes, Too Fast for Conditions",36,0,0,0,Curve Left,Uphill,"Blacktop, Bituminous, or Asphalt",1,1,1
53,Washington,530365,1,33,1960,16,9,2015,4,21,0,2,4,4,8,0,No,3,Four-Way Intersection,None,1,3,2,0,0,0,1,1,1,No Rollover,21,Male,1,0,No (Alcohol Not Involved),No (Drugs Not Involved),0,0,0,0,20,401,14,2003,1GNDT13S7323,No Trailing Unit,Not Applicable,No,998,0,2,0,0,No,8,28,0,0,Straight,Level,"Blacktop, Bituminous, or Asphalt",1,6,1
53,Washington,530365,1,33,1960,16,9,2015,4,21,0,2,4,4,8,0,No,3,Four-Way Intersection,None,1,3,2,0,0,0,1,1,1,No Rollover,21,Male,1,0,No (Alcohol Not Involved),No (Drugs Not Involved),0,0,0,0,20,431,16,2002,1GNDT13S8221,No Trailing Unit,Not Applicable,No,45,0,0,0,0,"Yes, Too Fast for Conditions",8,0,0,0,Straight,Uphill,Not Reported,1,6,1
53,Washington,530365,1,33,1960,16,9,2015,4,21,0,2,4,4,8,0,No,3,Four-Way Intersection,None,1,3,2,0,0,0,1,1,1,No Rollover,21,Male,1,0,No (Alcohol Not Involved),No (Drugs Not Involved),0,0,0,0,20,403,14,2003,1GNDT13S8321,No Trailing Unit,Not Applicable,No,998,1,0,0,5,"Yes, Too Fast for Conditions",0,0,0,0,Curve Left,Downhill,"Blacktop, Bituminous, or Asphalt",4,2,1
53,Washington,530365,1,33,1960,16,9,2015,4,21,0,2,4,4,8,0,No,3,Four-Way Intersection,None,1,3,2,0,0,0,1,1,1,No Rollover,21,Male,1,0,No (Alcohol Not Involved),No (Drugs Not Involved),0,0,0,0,20,401,14,2005,1GNDT13S8521,No Trailing Unit,Not Applicable,No,72,0,0,0,1,No,27,0,0,0,Straight,Level,"Blacktop, Bituminous, or Asphalt",1,6,1
53,Washington,530365,1,33,1960,16,9,2015,4,21,0,2,4,4,8,0,No,3,Four-Way Intersection,None,1,3,2,0,0,0,1,1,1,No Rollover,21,Male,1,0,No (Alcohol Not Involved),No (Drugs Not Involved),0,0,0,0,20,403,14,2005,1GNDT13S8523,No Trailing Unit,Not Applicable,No,998,0,0,0,0,"Yes, Too Fast for Conditions",79,0,0,0,Straight,Downhill,"Slag, Gravel or Stone",1,98,2
53,Washington,530365,1,33,1960,16,9,2015,4,21,0,2,4,4,8,0,No,3,Four-Way Intersection,None,1,3,2,0,0,0,1,1,1,No Rollover,21,Male,1,0,No (Alcohol Not Involved),No (Drugs Not Involved),0,0,0,0,20,403,14,2006,1GNDT13S8621,No Trailing Unit,Not Applicable,No,70,98,1,0,0,No,28,0,0,0,Curve Left,"Grade, Unknown Slope","Blacktop, Bituminous, or Asphalt",1,1,1
53,Washington,530365,1,33,1960,16,9,2015,4,21,0,2,4,4,8,0,No,3,Four-Way Intersection,None,1,3,2,0,0,0,1,1,1,No Rollover,21,Male,1,0,No (Alcohol Not Involved),No (Drugs Not Involved),0,0,0,0,20,401,14,2002,1GNDT13S9222,No Trailing Unit,Not Applicable,No,998,99,99,99,99,"Yes, Exceeded Speed Limit",58,0,0,0,Straight,Level,"Blacktop, Bituminous, or Asphalt",1,7,1
53,Washington,530365,1,33,1960,16,9,2015,4,21,0,2,4,4,8,0,No,3,Four-Way Intersection,None,1,3,2,0,0,0,1,1,1,No Rollover,21,Male,1,0,No (Alcohol Not Involved),No (Drugs Not Involved),0,0,0,0,20,403,14,2004,1GNDT13S9424,No Trailing Unit,Not Applicable,No,70,1,0,0,0,No,6,0,0,0,Straight,Downhill,Not Reported,1,12,1
53,Washington,530365,1,33,1960,16,9,2015,4,21,0,2,4,4,8,0,No,3,Four-Way Intersection,None,1,3,2,0,0,0,1,1,1,No Rollover,21,Male,1,0,No (Alcohol Not Involved),No (Drugs Not Involved),0,0,0,0,20,403,14,2007,1GNDT13S9721,No Trailing Unit,Not Applicable,No,998,0,0,0,0,"Yes, Exceeded Speed Limit",39,0,0,0,Straight,Level,Concrete,1,83,0
53,Washington,530365,1,33,1960,16,9,2015,4,21,0,2,4,4,8,0,No,3,Four-Way Intersection,None,1,3,2,0,0,0,1,1,1,No Rollover,21,Male,1,0,No (Alcohol Not Involved),No (Drugs Not Involved),0,0,0,0,20,401,14,2002,1GNDT13SX223,No Trailing Unit,Not Applicable,No,998,0,0,0,0,No,58,0,0,0,Straight,"Grade, Unknown Slope",Concrete,1,2,2
53,Washington,530365,1,33,1960,16,9,2015,4,21,0,2,4,4,8,0,No,3,Four-Way Intersection,None,1,3,2,0,0,0,1,1,1,No Rollover,21,Male,1,0,No (Alcohol Not Involved),No (Drugs Not Involved),0,0,0,0,20,401,14,2005,1GNDT13SX521,No Trailing Unit,Not Applicable,No,999,0,0,0,0,No,0,0,0,0,Straight,Level,"Blacktop, Bituminous, or Asphalt",1,98,1
53,Washington,530365,1,33,1960,16,9,2015,4,21,0,2,4,4,8,0,No,3,Four-Way Intersection,None,1,3,2,0,0,0,1,1,1,No Rollover,21,Male,1,0,No (Alcohol Not Involved),No (Drugs Not Involved),0,0,0,0,20,403,14,2005,1GNDT13SX523,No Trailing Unit,Not Applicable,No,998,0,0,0,0,No,58,0,0,0,Curve Right,"Grade, Unknown Slope","Blacktop, Bituminous, or Asphalt",1,1,3
53,Washington,530365,1,33,1960,16,9,2015,4,21,0,2,4,4,8,0,No,3,Four-Way Intersection,None,1,3,2,0,0,0,1,1,1,No Rollover,21,Male,1,0,No (Alcohol Not Involved),No (Drugs Not Involved),0,0,0,0,20,401,14,1999,1GNDT13W0X21,No Trailing Unit,Not Applicable,No,998,0,6,0,3,"Yes, Exceeded Speed Limit",0,0,0,0,Curve Right,Level,"Blacktop, Bituminous, or Asphalt",1,7,1
53,Washington,530365,1,33,1960,16,9,2015,4,21,0,2,4,4,8,0,No,3,Four-Way Intersection,None,1,3,2,0,0,0,1,1,1,No Rollover,21,Male,1,0,No (Alcohol Not Involved),No (Drugs Not Involved),0,0,0,0,20,421,15,1997,1GNDT13W1V21,No Trailing Unit,Not Applicable,No,998,0,0,0,0,"Yes, Exceeded Speed Limit",0,0,0,0,Straight,Level,"Blacktop, Bituminous, or Asphalt",1,1,1
53,Washington,530365,1,33,1960,16,9,2015,4,21,0,2,4,4,8,0,No,3,Four-Way Intersection,None,1,3,2,0,0,0,1,1,1,No Rollover,21,Male,1,0,No (Alcohol Not Involved),No (Drugs Not Involved),0,0,0,0,20,421,15,1999,1GNDT13W1X22,No Trailing Unit,Not Applicable,No,998,0,7,0,0,No,36,0,0,0,Curve Left,Level,"Blacktop, Bituminous, or Asphalt",1,1,1
53,Washington,530365,1,33,1960,16,9,2015,4,21,0,2,4,4,8,0,No,3,Four-Way Intersection,None,1,3,2,0,0,0,1,1,1,No Rollover,21,Male,1,0,No (Alcohol Not Involved),No (Drugs Not Involved),0,0,0,0,20,401,14,1999,1GNDT13W1XK1,No Trailing Unit,Not Applicable,No,998,0,2,0,0,No,58,0,0,0,Curve Left,Level,"Blacktop, Bituminous, or Asphalt",1,1,1
53,Washington,530365,1,33,1960,16,9,2015,4,21,0,2,4,4,8,0,No,3,Four-Way Intersection,None,1,3,2,0,0,0,1,1,1,No Rollover,21,Male,1,0,No (Alcohol Not Involved),No (Drugs Not Involved),0,0,0,0,20,401,14,1996,1GNDT13W2T22,No Trailing Unit,Not Applicable,No,998,0,0,0,0,No,48,58,0,0,Straight,Level,"Blacktop, Bituminous, or Asphalt",1,6,4
53,Washington,530365,1,33,1960,16,9,2015,4,21,0,2,4,4,8,0,No,3,Four-Way Intersection,None,1,3,2,0,0,0,1,1,1,No Rollover,21,Male,1,0,No (Alcohol Not Involved),No (Drugs Not Involved),0,0,0,0,20,401,14,1998,1GNDT13W2W22,No Trailing Unit,Not Applicable,No,998,1,0,0,0,No,58,0,0,0,Straight,"Grade, Unknown Slope","Blacktop, Bituminous, or Asphalt",1,6,1
53,Washington,530365,1,33,1960,16,9,2015,4,21,0,2,4,4,8,0,No,3,Four-Way Intersection,None,1,3,2,0,0,0,1,1,1,No Rollover,21,Male,1,0,No (Alcohol Not Involved),No (Drugs Not Involved),0,0,0,0,20,401,14,1996,1GNDT13W3T21,No Trailing Unit,Not Applicable,No,35,1,0,0,0,No,0,0,0,0,Curve Left,"Grade, Unknown Slope","Blacktop, Bituminous, or Asphalt",1,1,1
53,Washington,530365,1,33,1960,16,9,2015,4,21,0,2,4,4,8,0,No,3,Four-Way Intersection,None,1,3,2,0,0,0,1,1,1,No Rollover,21,Male,1,0,No (Alcohol Not Involved),No (Drugs Not Involved),0,0,0,0,20,421,15,1996,1GNDT13W3T22,No Trailing Unit,Not Applicable,No,998,0,0,0,0,"Yes, Exceeded Speed Limit",0,0,0,0,Curve Left,Level,"Blacktop, Bituminous, or Asphalt",1,2,1
53,Washington,530365,1,33,1960,16,9,2015,4,21,0,2,4,4,8,0,No,3,Four-Way Intersection,None,1,3,2,0,0,0,1,1,1,No Rollover,21,Male,1,0,No (Alcohol Not Involved),No (Drugs Not Involved),0,0,0,0,20,401,14,1998,1GNDT13W3W21,No Trailing Unit,Not Applicable,No,998,0,0,0,0,"Yes, Exceeded Speed Limit",36,0,0,0,Curve Right,Level,"Blacktop, Bituminous, or Asphalt",1,98,1
53,Washington,530365,1,33,1960,16,9,2015,4,21,0,2,4,4,8,0,No,3,Four-Way Intersection,None,1,3,2,0,0,0,1,1,1,No Rollover,21,Male,1,0,No (Alcohol Not Involved),No (Drugs Not Involved),0,0,0,0,20,421,15,2001,1GNDT13W41K1,No Trailing Unit,Not Applicable,No,998,0,0,0,0,No,52,6,0,0,Curve Right,Level,"Blacktop, Bituminous, or Asphalt",1,7,1
53,Washington,530365,1,33,1960,16,9,2015,4,21,0,2,4,4,8,0,No,3,Four-Way Intersection,None,1,3,2,0,0,0,1,1,1,No Rollover,21,Male,1,0,No (Alcohol Not Involved),No (Drugs Not Involved),0,0,0,0,20,401,14,2002,1GNDT13W42K1,No Trailing Unit,Not Applicable,No,998,0,0,0,0,"Yes, Exceeded Speed Limit",36,28,58,0,Straight,Level,Concrete,1,45,1
53,Washington,530365,1,33,1960,16,9,2015,4,21,0,2,4,4,8,0,No,3,Four-Way Intersection,None,1,3,2,0,0,0,1,1,1,No Rollover,21,Male,1,0,No (Alcohol Not Involved),No (Drugs Not Involved),0,0,0,0,20,421,15,1996,1GNDT13W4T22,No Trailing Unit,Not Applicable,No,998,98,0,0,0,No,0,0,0,0,Curve Left,Level,Concrete,2,6,1
53,Washington,530365,1,33,1960,16,9,2015,4,21,0,2,4,4,8,0,No,3,Four-Way Intersection,None,1,3,2,0,0,0,1,1,1,No Rollover,21,Male,1,0,No (Alcohol Not Involved),No (Drugs Not Involved),0,0,0,0,20,401,14,1996,1GNDT13W5T21,No Trailing Unit,Not Applicable,No,998,99,99,99,99,"Yes, Exceeded Speed Limit",6,58,0,0,Straight,Downhill,"Blacktop, Bituminous, or Asphalt",1,98,1
53,Washington,530365,1,33,1960,16,9,2015,4,21,0,2,4,4,8,0,No,3,Four-Way Intersection,None,1,3,2,0,0,0,1,1,1,No Rollover,21,Male,1,0,No (Alcohol Not Involved),No (Drugs Not Involved),0,0,0,0,20,421,15,1999,1GNDT13W5X21,No Trailing Unit,Not Applicable,No,998,0,3,1,0,No,58,0,0,0,Straight,Level,"Blacktop, Bituminous, or Asphalt",1,6,1
53,Washington,530365,1,33,1960,16,9,2015,4,21,0,2,4,4,8,0,No,3,Four-Way Intersection,None,1,3,2,0,0,0,1,1,1,No Rollover,21,Male,1,0,No (Alcohol Not Involved),No (Drugs Not Involved),0,0,0,0,20,421,15,2001,1GNDT13W61K2,No Trailing Unit,Not Applicable,No,998,0,0,0,0,No,58,0,0,0,Straight,Level,Not Reported,1,7,1
53,Washington,530365,1,33,1960,16,9,2015,4,21,0,2,4,4,8,0,No,3,Four-Way Intersection,None,1,3,2,0,0,0,1,1,1,No Rollover,21,Male,1,0,No (Alcohol Not Involved),No (Drugs Not Involved),0,0,0,0,20,421,15,1999,1GNDT13W6X22,No Trailing Unit,Not Applicable,No,45,0,0,0,0,"Yes, Too Fast for Conditions",58,0,0,0,Curve Left,Level,"Blacktop, Bituminous, or Asphalt",1,7,1
53,Washington,530365,1,33,1960,16,9,2015,4,21,0,2,4,4,8,0,No,3,Four-Way Intersection,None,1,3,2,0,0,0,1,1,1,No Rollover,21,Male,1,0,No (Alcohol Not Involved),No (Drugs Not Involved),0,0,0,0,20,401,14,2000,1GNDT13W6Y21,No Trailing Unit,Not Applicable,No,998,0,0,0,0,No,0,0,0,0,Straight,Level,"Blacktop, Bituminous, or Asphalt",1,6,1
53,Washington,530365,1,33,1960,16,9,2015,4,21,0,2,4,4,8,0,No,3,Four-Way Intersection,None,1,3,2,0,0,0,1,1,1,No Rollover,21,Male,1,0,No (Alcohol Not Involved),No (Drugs Not Involved),0,0,0,0,20,401,14,1996,1GNDT13W7T22,No Trailing Unit,Not Applicable,No,998,0,0,0,0,No,6,58,0,0,Straight,Sag (Bottom),"Blacktop, Bituminous, or Asphalt",1,1,1
53,Washington,530365,1,33,1960,16,9,2015,4,21,0,2,4,4,8,0,No,3,Four-Way Intersection,None,1,3,2,0,0,0,1,1,1,No Rollover,21,Male,1,0,No (Alcohol Not Involved),No (Drugs Not Involved),0,0,0,0,20,401,14,1998,1GNDT13W7W22,No Trailing Unit,Not Applicable,No,998,98,0,0,0,"Yes, Exceeded Speed Limit",36,0,0,0,Straight,Level,"Blacktop, Bituminous, or Asphalt",1,98,1
53,Washington,530365,1,33,1960,16,9,2015,4,21,0,2,4,4,8,0,No,3,Four-Way Intersection,None,1,3,2,0,0,0,1,1,1,No Rollover,21,Male,1,0,No (Alcohol Not Involved),No (Drugs Not Involved),0,0,0,0,20,401,14,1998,1GNDT13W7WK1,No Trailing Unit,Not Applicable,No,999,0,0,0,0,No,99,99,99,99,Straight,Level,"Blacktop, Bituminous, or Asphalt",1,1,2
53,Washington,530365,1,33,1960,16,9,2015,4,21,0,2,4,4,8,0,No,3,Four-Way Intersection,None,1,3,2,0,0,0,1,1,1,No Rollover,21,Male,1,0,No (Alcohol Not Involved),No (Drugs Not Involved),0,0,0,0,20,401,14,2000,1GNDT13W7Y21,No Trailing Unit,Not Applicable,No,50,0,0,0,0,No,58,0,0,0,Curve – Unknown Direction,Level,"Blacktop, Bituminous, or Asphalt",1,2,1
53,Washington,530365,1,33,1960,16,9,2015,4,21,0,2,4,4,8,0,No,3,Four-Way Intersection,None,1,3,2,0,0,0,1,1,1,No Rollover,21,Male,1,0,No (Alcohol Not Involved),No (Drugs Not Involved),0,0,0,0,20,421,15,2000,1GNDT13W7Y22,No Trailing Unit,Not Applicable,No,998,0,0,0,0,No,87,0,0,0,Straight,Hillcrest,"Blacktop, Bituminous, or Asphalt",3,6,1
53,Washington,530365,1,33,1960,16,9,2015,4,21,0,2,4,4,8,0,No,3,Four-Way Intersection,None,1,3,2,0,0,0,1,1,1,No Rollover,21,Male,1,0,No (Alcohol Not Involved),No (Drugs Not Involved),0,0,0,0,20,401,14,2001,1GNDT13W81K1,No Trailing Unit,Not Applicable,No,998,1,0,0,0,No,99,99,99,99,Straight,"Grade, Unknown Slope","Blacktop, Bituminous, or Asphalt",1,98,1
53,Washington,530365,1,33,1960,16,9,2015,4,21,0,2,4,4,8,0,No,3,Four-Way Intersection,None,1,3,2,0,0,0,1,1,1,No Rollover,21,Male,1,0,No (Alcohol Not Involved),No (Drugs Not Involved),0,0,0,0,20,401,14,1997,1GNDT13W8VK2,No Trailing Unit,Not Applicable,No,998,0,0,0,0,"Yes, Exceeded Speed Limit",37,0,0,0,Straight,Downhill,"Blacktop, Bituminous, or Asphalt",1,1,1
53,Washington,530365,1,33,1960,16,9,2015,4,21,0,2,4,4,8,0,No,3,Four-Way Intersection,None,1,3,2,0,0,0,1,1,1,No Rollover,21,Male,1,0,No (Alcohol Not Involved),No (Drugs Not Involved),0,0,0,0,20,421,15,1999,1GNDT13W8XK1,No Trailing Unit,Not Applicable,No,50,0,0,0,0,No,6,0,0,0,Straight,Level,Not Reported,1,2,1
53,Washington,530365,1,33,1960,16,9,2015,4,21,0,2,4,4,8,0,No,3,Four-Way Intersection,None,1,3,2,0,0,0,1,1,1,No Rollover,21,Male,1,0,No (Alcohol Not Involved),No (Drugs Not Involved),0,0,0,0,20,401,14,2001,1GNDT13W9121,No Trailing Unit,Not Applicable,No,998,0,0,0,0,No,28,87,0,0,Straight,Level,"Blacktop, Bituminous, or Asphalt",2,1,1
53,Washington,530365,1,33,1960,16,9,2015,4,21,0,2,4,4,8,0,No,3,Four-Way Intersection,None,1,3,2,0,0,0,1,1,1,No Rollover,21,Male,1,0,No (Alcohol Not Involved),No (Drugs Not Involved),0,0,0,0,20,401,14,1995,1GNDT13W9S21,No Trailing Unit,Not Applicable,No,999,1,0,0,0,No,36,0,0,0,Curve Left,Level,"Blacktop, Bituminous, or Asphalt",1,7,1
53,Washington,530365,1,33,1960,16,9,2015,4,21,0,2,4,4,8,0,No,3,Four-Way Intersection,None,1,3,2,0,0,0,1,1,1,No Rollover,21,Male,1,0,No (Alcohol Not Involved),No (Drugs Not Involved),0,0,0,0,20,421,15,1997,1GNDT13W9V21,No Trailing Unit,Not Applicable,No,60,2,9,0,2,No,36,0,0,0,Straight,Level,"Blacktop, Bituminous, or Asphalt",1,1,1
53,Washington,530365,1,33,1960,16,9,2015,4,21,0,2,4,4,8,0,No,3,Four-Way Intersection,None,1,3,2,0,0,0,1,1,1,No Rollover,21,Male,1,0,No (Alcohol Not Involved),No (Drugs Not Involved),0,0,0,0,20,401,14,1998,1GNDT13W9W21,No Trailing Unit,Not Applicable,No,50,0,0,0,0,No,99,99,99,99,Straight,Uphill,"Blacktop, Bituminous, or Asphalt",1,7,1
53,Washington,530365,1,33,1960,16,9,2015,4,21,0,2,4,4,8,0,No,3,Four-Way Intersection,None,1,3,2,0,0,0,1,1,1,No Rollover,21,Male,1,0,No (Alcohol Not Involved),No (Drugs Not Involved),0,0,0,0,20,401,14,2000,1GNDT13W9Y23,No Trailing Unit,Not Applicable,No,998,0,2,0,0,"Yes, Exceeded Speed Limit",36,0,0,0,Straight,Level,"Blacktop, Bituminous, or Asphalt",2,1,1
53,Washington,530365,1,33,1960,16,9,2015,4,21,0,2,4,4,8,0,No,3,Four-Way Intersection,None,1,3,2,0,0,0,1,1,1,No Rollover,21,Male,1,0,No (Alcohol Not Involved),No (Drugs Not Involved),0,0,0,0,20,401,14,2001,1GNDT13WX121,No Trailing Unit,Not Applicable,No,65,0,0,0,0,No,6,58,0,0,Straight,Level,"Blacktop, Bituminous, or Asphalt",1,2,1
53,Washington,530365,1,33,1960,16,9,2015,4,21,0,2,4,4,8,0,No,3,Four-Way Intersection,None,1,3,2,0,0,0,1,1,1,No Rollover,21,Male,1,0,No (Alcohol Not Involved),No (Drugs Not Involved),0,0,0,0,20,401,14,2001,1GNDT13WX1K2,No Trailing Unit,Not Applicable,No,999,0,0,0,0,"Yes, Specifics Unknown",0,0,0,0,Straight,Level,"Blacktop, Bituminous, or Asphalt",1,1,1
53,Washington,530365,1,33,1960,16,9,2015,4,21,0,2,4,4,8,0,No,3,Four-Way Intersection,None,1,3,2,0,0,0,1,1,1,No Rollover,21,Male,1,0,No (Alcohol Not Involved),No (Drugs Not Involved),0,0,0,0,20,421,15,2000,1GNDT13WXY23,No Trailing Unit,Not Applicable,No,998,0,0,0,1,Unknown,58,0,0,0,Curve Right,"Grade, Unknown Slope","Blacktop, Bituminous, or Asphalt",1,6,1
53,Washington,530365,1,33,1960,16,9,2015,4,21,0,2,4,4,8,0,No,3,Four-Way Intersection,None,1,3,2,0,0,0,1,1,1,No Rollover,21,Male,1,0,No (Alcohol Not Involved),No (Drugs Not Involved),0,0,0,0,20,403,14,2003,1GNDT13X03K1,No Trailing Unit,Not Applicable,No,998,0,0,1,0,No,0,0,0,0,Curve Left,"Grade, Unknown Slope","Blacktop, Bituminous, or Asphalt",1,98,1
53,Washington,530365,1,33,1960,16,9,2015,4,21,0,2,4,4,8,0,No,3,Four-Way Intersection,None,1,3,2,0,0,0,1,1,1,No Rollover,21,Male,1,0,No (Alcohol Not Involved),No (Drugs Not Involved),0,0,0,0,20,403,14,2004,1GNDT13X14K1,No Trailing Unit,Not Applicable,No,999,0,0,0,0,No,58,0,0,0,Straight,Downhill,"Blacktop, Bituminous, or Asphalt",1,98,1
53,Washington,530365,1,33,1960,16,9,2015,4,21,0,2,4,4,8,0,No,3,Four-Way Intersection,None,1,3,2,0,0,0,1,1,1,No Rollover,21,Male,1,0,No (Alcohol Not Involved),No (Drugs Not Involved),0,0,0,0,20,401,14,2003,1GNDT13X53K1,No Trailing Unit,Not Applicable,No,65,0,8,0,1,No,0,0,0,0,Curve Right,Level,"Blacktop, Bituminous, or Asphalt",2,6,1
53,Washington,530365,1,33,1960,16,9,2015,4,21,0,2,4,4,8,0,No,3,Four-Way Intersection,None,1,3,2,0,0,0,1,1,1,No Rollover,21,Male,1,0,No (Alcohol Not Involved),No (Drugs Not Involved),0,0,0,0,20,421,15,2003,1GNDT13X63K1,No Trailing Unit,Not Applicable,No,50,0,7,0,1,"Yes, Too Fast for Conditions",0,0,0,0,Curve Right,"Grade, Unknown Slope",Dirt,11,98,1
53,Washington,530365,1,33,1960,16,9,2015,4,21,0,2,4,4,8,0,No,3,Four-Way Intersection,None,1,3,2,0,0,0,1,1,1,No Rollover,21,Male,1,0,No (Alcohol Not Involved),No (Drugs Not Involved),0,0,0,0,20,401,14,1992,1GNDT13Z6N21,No Trailing Unit,Not Applicable,No,999,0,0,0,0,No,58,0,0,0,Straight,"Grade, Unknown Slope",Concrete,1,1,1
53,Washington,530365,1,33,1960,16,9,2015,4,21,0,2,4,4,8,0,No,3,Four-Way Intersection,None,1,3,2,0,0,0,1,1,1,No Rollover,21,Male,1,0,No (Alcohol Not Involved),No (Drugs Not Involved),0,0,0,0,20,431,16,1991,1GNDT13Z8M21,No Trailing Unit,Not Applicable,No,998,0,0,0,0,No,0,0,0,0,Curve Right,"Grade, Unknown Slope",Dirt,1,6,1