state_number,state_name,consecutive_number,number_of_forms_submitted_for_persons_not_in_motor_vehicles,county,city,day_of_crash,month_of_crash,year_of_crash,day_of_week,hour_of_crash,national_highway_system,land_use,functional_system,route_signing,first_harmful_event,manner_of_collision,relation_to_junction_within_interchange_area,relation_to_junction_specific_location,type_of_intersection,work_zone,relation_to_trafficway,light_condition,atmospheric_conditions,related_factors_crash_level_1,related_factors_crash_level_2,related_factors_crash_level_3,number_of_fatalities,vehicle_number,person_number,rollover,age,sex,person_type,injury_severity,police_reported_alcohol_involvement,police_reported_drug_involvement,related_factors_person_level1,related_factors_person_level2,related_factors_person_level3,race,vehicle_make,vehicle_model,body_type,vehicle_model_year,vehicle_identification_number_vin,vehicle_trailing,gross_vehicle_weight_rating,hazardous_material_involvement,travel_speed,previous_recorded_crashes,previous_recorded_suspensions_and_revocations,previous_dwi_convictions,previous_speeding_convictions,speeding_related,related_factors_driver_level_1,related_factors_driver_level_2,related_factors_driver_level_3,related_factors_driver_level_4,roadway_alignment,roadway_grade,roadway_surface_type,roadway_surface_condition,crash_type,fatalities_in_vehicle
53,Washington,530365,1,33,1960,16,9,2015,4,21,0,2,4,4,8,0,No,3,Four-Way Intersection,None,1,3,2,0,0,0,1,1,1,No Rollover,21,Male,1,0,No (Alcohol Not Involved),No (Drugs Not Involved),0,0,0,0,22,9,3,1996,2G2FV22P0T22,No Trailing Unit,Not Applicable,No,998,0,1,1,0,"Yes, Too Fast for Conditions",0,0,0,0,Curve Right,Level,Not Reported,1,7,1
53,Washington,530365,1,33,1960,16,9,2015,4,21,0,2,4,4,8,0,No,3,Four-Way Intersection,None,1,3,2,0,0,0,1,1,1,No Rollover,21,Male,1,0,No (Alcohol Not Involved),No (Drugs Not Involved),0,0,0,0,22,20,4,2005,2G2WP5222511,No Trailing Unit,Not Applicable,No,998,0,1,0,0,No,0,0,0,0,Straight,Level,"Blacktop, Bituminous, or Asphalt",1,98,1
53,Washington,530365,1,33,1960,16,9,2015,4,21,0,2,4,4,8,0,No,3,Four-Way Intersection,None,1,3,2,0,0,0,1,1,1,No Rollover,21,Male,1,0,No (Alcohol Not Involved),No (Drugs Not Involved),0,0,0,0,22,20,4,2004,2G2WP5225413,No Trailing Unit,Not Applicable,No,998,98,1,1,0,No,0,0,0,0,Curve Right,Level,"Blacktop, Bituminous, or Asphalt",1,6,1
53,Washington,530365,1,33,1960,16,9,2015,4,21,0,2,4,4,8,0,No,3,Four-Way Intersection,None,1,3,2,0,0,0,1,1,1,No Rollover,21,Male,1,0,No (Alcohol Not Involved),No (Drugs Not Involved),0,0,0,0,22,20,4,2004,2G2WP5228413,No Trailing Unit,Not Applicable,No,998,1,0,0,0,No,0,0,0,0,Straight,Level,"Blacktop, Bituminous, or Asphalt",1,6,1
53,Washington,530365,1,33,1960,16,9,2015,4,21,0,2,4,4,8,0,No,3,Four-Way Intersection,None,1,3,2,0,0,0,1,1,1,No Rollover,21,Male,1,0,No (Alcohol Not Involved),No (Drugs Not Involved),0,0,0,0,22,20,4,2005,2G2WP5228511,No Trailing Unit,Not Applicable,No,998,0,0,1,2,"Yes, Specifics Unknown",99,99,99,99,Straight,Not Reported,Not Reported,1,6,1
53,Washington,530365,1,33,1960,16,9,2015,4,21,0,2,4,4,8,0,No,3,Four-Way Intersection,None,1,3,2,0,0,0,1,1,1,No Rollover,21,Male,1,0,No (Alcohol Not Involved),No (Drugs Not Involved),0,0,0,0,22,20,4,2004,2G2WP5425413,No Trailing Unit,Not Applicable,No,45,0,0,0,0,No,0,0,0,0,Straight,Level,"Blacktop, Bituminous, or Asphalt",1,1,1
53,Washington,530365,1,33,1960,16,9,2015,4,21,0,2,4,4,8,0,No,3,Four-Way Intersection,None,1,3,2,0,0,0,1,1,1,No Rollover,21,Male,1,0,No (Alcohol Not Involved),No (Drugs Not Involved),0,0,0,0,22,20,4,2008,2G2WP5521811,No Trailing Unit,Not Applicable,No,65,0,0,0,0,"Yes, Exceeded Speed Limit",6,26,29,34,Straight,Level,"Blacktop, Bituminous, or Asphalt",1,4,1
53,Washington,530365,1,33,1960,16,9,2015,4,21,0,2,4,4,8,0,No,3,Four-Way Intersection,None,1,3,2,0,0,0,1,1,1,No Rollover,21,Male,1,0,No (Alcohol Not Involved),No (Drugs Not Involved),0,0,0,0,22,20,4,2006,2G2WP5523612,No Trailing Unit,Not Applicable,No,998,0,0,0,0,"Yes, Too Fast for Conditions",0,0,0,0,Straight,"Grade, Unknown Slope",Not Reported,1,1,1
53,Washington,530365,1,33,1960,16,9,2015,4,21,0,2,4,4,8,0,No,3,Four-Way Intersection,None,1,3,2,0,0,0,1,1,1,No Rollover,21,Male,1,0,No (Alcohol Not Involved),No (Drugs Not Involved),0,0,0,0,22,20,4,2007,2G2WP5525711,No Trailing Unit,Not Applicable,No,998,98,0,0,0,"Yes, Specifics Unknown",0,0,0,0,Straight,Level,"Blacktop, Bituminous, or Asphalt",1,1,1
53,Washington,530365,1,33,1960,16,9,2015,4,21,0,2,4,4,8,0,No,3,Four-Way Intersection,None,1,3,2,0,0,0,1,1,1,No Rollover,21,Male,1,0,No (Alcohol Not Involved),No (Drugs Not Involved),0,0,0,0,22,20,4,2006,2G2WP5526611,No Trailing Unit,Not Applicable,No,998,0,2,0,0,"Yes, Exceeded Speed Limit",0,0,0,0,Curve Left,Downhill,"Blacktop, Bituminous, or Asphalt",1,2,2
53,Washington,530365,1,33,1960,16,9,2015,4,21,0,2,4,4,8,0,No,3,Four-Way Intersection,None,1,3,2,0,0,0,1,1,1,No Rollover,21,Male,1,0,No (Alcohol Not Involved),No (Drugs Not Involved),0,0,0,0,22,20,4,2007,2G2WR5544711,No Trailing Unit,Not Applicable,No,112,0,0,1,3,"Yes, Exceeded Speed Limit",74,0,0,0,Straight,Level,"Blacktop, Bituminous, or Asphalt",1,6,1
53,Washington,530365,1,33,1960,16,9,2015,4,21,0,2,4,4,8,0,No,3,Four-Way Intersection,None,1,3,2,0,0,0,1,1,1,No Rollover,21,Male,1,0,No (Alcohol Not Involved),No (Drugs Not Involved),0,0,0,0,22,20,4,2006,2G2WR5548611,No Trailing Unit,Not Applicable,No,998,1,0,0,1,No,28,0,0,0,Curve Right,"Grade, Unknown Slope","Slag, Gravel or Stone",1,7,1
53,Washington,530365,1,33,1960,16,9,2015,4,21,0,2,4,4,8,0,No,3,Four-Way Intersection,None,1,3,2,0,0,0,1,1,1,No Rollover,21,Male,1,0,No (Alcohol Not Involved),No (Drugs Not Involved),0,0,0,0,22,20,4,2005,2G2WS5221511,No Trailing Unit,Not Applicable,No,60,0,0,1,1,No,27,0,0,0,Straight,Level,"Blacktop, Bituminous, or Asphalt",2,1,1
53,Washington,530365,1,33,1960,16,9,2015,4,21,0,2,4,4,8,0,No,3,Four-Way Intersection,None,1,3,2,0,0,0,1,1,1,No Rollover,21,Male,1,0,No (Alcohol Not Involved),No (Drugs Not Involved),0,0,0,0,22,20,4,2005,2G2WS5226513,No Trailing Unit,Not Applicable,No,75,0,0,0,2,No,0,0,0,0,Straight,"Grade, Unknown Slope","Blacktop, Bituminous, or Asphalt",1,6,2
53,Washington,530365,1,33,1960,16,9,2015,4,21,0,2,4,4,8,0,No,3,Four-Way Intersection,None,1,3,2,0,0,0,1,1,1,No Rollover,21,Male,1,0,No (Alcohol Not Involved),No (Drugs Not Involved),0,0,0,0,22,20,4,2005,2G2WS5227511,No Trailing Unit,Not Applicable,No,998,0,1,1,0,No,0,0,0,0,Curve Right,Uphill,Concrete,1,7,1
53,Washington,530365,1,33,1960,16,9,2015,4,21,0,2,4,4,8,0,No,3,Four-Way Intersection,None,1,3,2,0,0,0,1,1,1,No Rollover,21,Male,1,0,No (Alcohol Not Involved),No (Drugs Not Involved),0,0,0,0,22,20,4,2005,2G2WS5229513,No Trailing Unit,Not Applicable,No,998,98,0,0,0,No,0,0,0,0,Straight,Level,"Blacktop, Bituminous, or Asphalt",2,6,1
53,Washington,530365,1,33,1960,16,9,2015,4,21,0,2,4,4,8,0,No,3,Four-Way Intersection,None,1,3,2,0,0,0,1,1,1,No Rollover,21,Male,1,0,No (Alcohol Not Involved),No (Drugs Not Involved),0,0,0,0,18,19,4,2014,2G4GU5GX4E92,No Trailing Unit,Not Applicable,No,999,1,0,0,0,No,0,0,0,0,Straight,Level,"Blacktop, Bituminous, or Asphalt",1,1,1
53,Washington,530365,1,33,1960,16,9,2015,4,21,0,2,4,4,8,0,No,3,Four-Way Intersection,None,1,3,2,0,0,0,1,1,1,No Rollover,21,Male,1,0,No (Alcohol Not Involved),No (Drugs Not Involved),0,0,0,0,18,20,4,2003,2G4WB52K0311,No Trailing Unit,Not Applicable,No,50,0,0,0,0,No,58,0,0,0,Straight,Level,"Blacktop, Bituminous, or Asphalt",1,1,1
53,Washington,530365,1,33,1960,16,9,2015,4,21,0,2,4,4,8,0,No,3,Four-Way Intersection,None,1,3,2,0,0,0,1,1,1,No Rollover,21,Male,1,0,No (Alcohol Not Involved),No (Drugs Not Involved),0,0,0,0,18,20,4,2004,2G4WB52KX413,No Trailing Unit,Not Applicable,No,998,0,0,0,1,"Yes, Too Fast for Conditions",87,0,0,0,Straight,Level,"Blacktop, Bituminous, or Asphalt",3,2,1
53,Washington,530365,1,33,1960,16,9,2015,4,21,0,2,4,4,8,0,No,3,Four-Way Intersection,None,1,3,2,0,0,0,1,1,1,No Rollover,21,Male,1,0,No (Alcohol Not Involved),No (Drugs Not Involved),0,0,0,0,18,20,4,2000,2G4WB52KXY13,No Trailing Unit,Not Applicable,No,70,0,0,0,0,No,58,0,0,0,Straight,Level,"Blacktop, Bituminous, or Asphalt",1,6,1
53,Washington,530365,1,33,1960,16,9,2015,4,21,0,2,4,4,8,0,No,3,Four-Way Intersection,None,1,3,2,0,0,0,1,1,1,No Rollover,21,Male,1,0,No (Alcohol Not Involved),No (Drugs Not Involved),0,0,0,0,18,20,4,1995,2G4WB52MXS14,No Trailing Unit,Not Applicable,No,75,0,4,1,0,"Yes, Exceeded Speed Limit",36,0,0,0,Straight,Level,"Blacktop, Bituminous, or Asphalt",2,1,1
53,Washington,530365,1,33,1960,16,9,2015,4,21,0,2,4,4,8,0,No,3,Four-Way Intersection,None,1,3,2,0,0,0,1,1,1,No Rollover,21,Male,1,0,No (Alcohol Not Involved),No (Drugs Not Involved),0,0,0,0,18,20,4,2002,2G4WB55K3212,No Trailing Unit,Not Applicable,No,88,0,0,0,0,"Yes, Too Fast for Conditions",34,91,0,0,Not Reported,Not Reported,"Blacktop, Bituminous, or Asphalt",1,1,1
53,Washington,530365,1,33,1960,16,9,2015,4,21,0,2,4,4,8,0,No,3,Four-Way Intersection,None,1,3,2,0,0,0,1,1,1,No Rollover,21,Male,1,0,No (Alcohol Not Involved),No (Drugs Not Involved),0,0,0,0,18,22,4,2008,2G4WD5826811,No Trailing Unit,Not Applicable,No,55,0,0,0,0,No,0,0,0,0,Curve Right,Level,Not Reported,1,1,1
53,Washington,530365,1,33,1960,16,9,2015,4,21,0,2,4,4,8,0,No,3,Four-Way Intersection,None,1,3,2,0,0,0,1,1,1,No Rollover,21,Male,1,0,No (Alcohol Not Involved),No (Drugs Not Involved),0,0,0,0,18,22,4,2008,2G4WN58C9811,No Trailing Unit,Not Applicable,No,999,0,0,0,0,"Yes, Too Fast for Conditions",48,0,0,0,Straight,Level,"Blacktop, Bituminous, or Asphalt",1,6,1
53,Washington,530365,1,33,1960,16,9,2015,4,21,0,2,4,4,8,0,No,3,Four-Way Intersection,None,1,3,2,0,0,0,1,1,1,No Rollover,21,Male,1,0,No (Alcohol Not Involved),No (Drugs Not Involved),0,0,0,0,18,7,4,2002,2G4WS52J2211,No Trailing Unit,Not Applicable,No,79,98,0,0,1,"Yes, Too Fast for Conditions",58,0,0,0,Curve Left,Level,"Blacktop, Bituminous, or Asphalt",1,1,1
53,Washington,530365,1,33,1960,16,9,2015,4,21,0,2,4,4,8,0,No,3,Four-Way Intersection,None,1,3,2,0,0,0,1,1,1,No Rollover,21,Male,1,0,No (Alcohol Not Involved),No (Drugs Not Involved),0,0,0,0,18,7,4,2001,2G4WS52J3112,No Trailing Unit,Not Applicable,No,998,1,0,0,0,No,58,0,0,0,Straight,Level,"Blacktop, Bituminous, or Asphalt",1,1,2
53,Washington,530365,1,33,1960,16,9,2015,4,21,0,2,4,4,8,0,No,3,Four-Way Intersection,None,1,3,2,0,0,0,1,1,1,No Rollover,21,Male,1,0,No (Alcohol Not Involved),No (Drugs Not Involved),0,0,0,0,18,7,4,2001,2G4WS52J8111,No Trailing Unit,Not Applicable,No,998,0,0,0,0,No,58,0,0,0,Curve Left,"Grade, Unknown Slope","Blacktop, Bituminous, or Asphalt",2,1,2
53,Washington,530365,1,33,1960,16,9,2015,4,21,0,2,4,4,8,0,No,3,Four-Way Intersection,None,1,3,2,0,0,0,1,1,1,No Rollover,21,Male,1,0,No (Alcohol Not Involved),No (Drugs Not Involved),0,0,0,0,18,7,4,2004,2G4WS52J8411,No Trailing Unit,Not Applicable,No,45,0,0,0,0,No,6,0,0,0,Curve Left,Level,"Blacktop, Bituminous, or Asphalt",1,1,1
53,Washington,530365,1,33,1960,16,9,2015,4,21,0,2,4,4,8,0,No,3,Four-Way Intersection,None,1,3,2,0,0,0,1,1,1,No Rollover,21,Male,1,0,No (Alcohol Not Involved),No (Drugs Not Involved),0,0,0,0,18,7,4,2002,2G4WS52J9211,No Trailing Unit,Not Applicable,No,45,0,0,0,0,Unknown,6,0,0,0,Curve Right,Level,"Blacktop, Bituminous, or Asphalt",2,1,1
53,Washington,530365,1,33,1960,16,9,2015,4,21,0,2,4,4,8,0,No,3,Four-Way Intersection,None,1,3,2,0,0,0,1,1,1,No Rollover,21,Male,1,0,No (Alcohol Not Involved),No (Drugs Not Involved),0,0,0,0,18,7,4,1998,2G4WS52M6W14,No Trailing Unit,Not Applicable,No,998,0,0,0,0,No,28,58,0,0,Curve Left,"Grade, Unknown Slope","Blacktop, Bituminous, or Asphalt",1,7,1
53,Washington,530365,1,33,1960,16,9,2015,4,21,0,2,4,4,8,0,No,3,Four-Way Intersection,None,1,3,2,0,0,0,1,1,1,No Rollover,21,Male,1,0,No (Alcohol Not Involved),No (Drugs Not Involved),0,0,0,0,18,7,4,1997,2G4WY52M3V14,No Trailing Unit,Not Applicable,No,998,0,0,0,0,"Yes, Too Fast for Conditions",0,0,0,0,Straight,Level,"Blacktop, Bituminous, or Asphalt",2,1,1
53,Washington,530365,1,33,1960,16,9,2015,4,21,0,2,4,4,8,0,No,3,Four-Way Intersection,None,1,3,2,0,0,0,1,1,1,No Rollover,21,Male,1,0,No (Alcohol Not Involved),No (Drugs Not Involved),0,0,0,0,18,7,4,2000,2G4WY55J3Y11,No Trailing Unit,Not Applicable,No,998,0,0,0,0,No,6,24,0,0,Straight,Level,"Blacktop, Bituminous, or Asphalt",1,6,1
53,Washington,530365,1,33,1960,16,9,2015,4,21,0,2,4,4,8,0,No,3,Four-Way Intersection,None,1,3,2,0,0,0,1,1,1,No Rollover,21,Male,1,0,No (Alcohol Not Involved),No (Drugs Not Involved),0,0,0,0,20,481,31,1992,2GBEK19K7N12,No Trailing Unit,Not Applicable,No,998,1,0,0,0,No,0,0,0,0,Curve Left,"Grade, Unknown Slope",Dirt,2,2,1
53,Washington,530365,1,33,1960,16,9,2015,4,21,0,2,4,4,8,0,No,3,Four-Way Intersection,None,1,3,2,0,0,0,1,1,1,No Rollover,21,Male,1,0,No (Alcohol Not Involved),No (Drugs Not Involved),0,0,0,0,20,481,31,1990,2GCDC14KXL11,No Trailing Unit,Not Applicable,No,70,0,0,0,0,No,6,0,0,0,Straight,Level,Not Reported,1,24,1
53,Washington,530365,1,33,1960,16,9,2015,4,21,0,2,4,4,8,0,No,3,Four-Way Intersection,None,1,3,2,0,0,0,1,1,1,No Rollover,21,Male,1,0,No (Alcohol Not Involved),No (Drugs Not Involved),0,0,0,0,20,481,31,2007,2GCEC13J8716,No Trailing Unit,Not Applicable,No,75,0,0,0,0,"Yes, Too Fast for Conditions",58,0,0,0,Straight,Level,"Blacktop, Bituminous, or Asphalt",1,2,1
53,Washington,530365,1,33,1960,16,9,2015,4,21,0,2,4,4,8,0,No,3,Four-Way Intersection,None,1,3,2,0,0,0,1,1,1,No Rollover,21,Male,1,0,No (Alcohol Not Involved),No (Drugs Not Involved),0,0,0,0,20,481,31,2006,2GCEC13T3612,No Trailing Unit,Not Applicable,No,998,0,0,0,3,No,0,0,0,0,Straight,Level,"Blacktop, Bituminous, or Asphalt",1,1,1
53,Washington,530365,1,33,1960,16,9,2015,4,21,0,2,4,4,8,0,No,3,Four-Way Intersection,None,1,3,2,0,0,0,1,1,1,No Rollover,21,Male,1,0,No (Alcohol Not Involved),No (Drugs Not Involved),0,0,0,0,20,481,31,2006,2GCEC13T7611,No Trailing Unit,Not Applicable,No,998,0,0,0,0,No,58,0,0,0,Straight,"Grade, Unknown Slope",Not Reported,1,7,1
53,Washington,530365,1,33,1960,16,9,2015,4,21,0,2,4,4,8,0,No,3,Four-Way Intersection,None,1,3,2,0,0,0,1,1,1,No Rollover,21,Male,1,0,No (Alcohol Not Involved),No (Drugs Not Involved),0,0,0,0,20,481,31,2006,2GCEC13V0613,No Trailing Unit,Not Applicable,No,55,1,0,0,1,No,24,0,0,0,Straight,Level,"Blacktop, Bituminous, or Asphalt",1,98,1
53,Washington,530365,1,33,1960,16,9,2015,4,21,0,2,4,4,8,0,No,3,Four-Way Intersection,None,1,3,2,0,0,0,1,1,1,No Rollover,21,Male,1,0,No (Alcohol Not Involved),No (Drugs Not Involved),0,0,0,0,20,481,31,2007,2GCEC13V2711,No Trailing Unit,Not Applicable,No,65,0,5,1,4,No,0,0,0,0,Not Reported,Not Reported,"Blacktop, Bituminous, or Asphalt",1,5,1
53,Washington,530365,1,33,1960,16,9,2015,4,21,0,2,4,4,8,0,No,3,Four-Way Intersection,None,1,3,2,0,0,0,1,1,1,No Rollover,21,Male,1,0,No (Alcohol Not Involved),No (Drugs Not Involved),0,0,0,0,20,481,31,2007,2GCEC13V4711,No Trailing Unit,Not Applicable,No,999,0,0,0,0,No,48,0,0,0,Straight,Uphill,"Blacktop, Bituminous, or Asphalt",1,2,1
53,Washington,530365,1,33,1960,16,9,2015,4,21,0,2,4,4,8,0,No,3,Four-Way Intersection,None,1,3,2,0,0,0,1,1,1,No Rollover,21,Male,1,0,No (Alcohol Not Involved),No (Drugs Not Involved),0,0,0,0,20,481,31,2007,2GCEC13V8711,No Trailing Unit,Not Applicable,No,998,0,1,0,4,"Yes, Too Fast for Conditions",0,0,0,0,Straight,Level,"Blacktop, Bituminous, or Asphalt",1,7,1
53,Washington,530365,1,33,1960,16,9,2015,4,21,0,2,4,4,8,0,No,3,Four-Way Intersection,None,1,3,2,0,0,0,1,1,1,No Rollover,21,Male,1,0,No (Alcohol Not Involved),No (Drugs Not Involved),0,0,0,0,20,481,31,2006,2GCEC13Z1613,No Trailing Unit,Not Applicable,No,998,0,0,0,0,No,0,0,0,0,Straight,"Grade, Unknown Slope",Not Reported,2,2,1
53,Washington,530365,1,33,1960,16,9,2015,4,21,0,2,4,4,8,0,No,3,Four-Way Intersection,None,1,3,2,0,0,0,1,1,1,No Rollover,21,Male,1,0,No (Alcohol Not Involved),No (Drugs Not Involved),0,0,0,0,20,481,31,1995,2GCEC19H3S12,No Trailing Unit,Not Applicable,No,65,0,3,1,0,No,24,33,0,0,Curve Left,Level,"Blacktop, Bituminous, or Asphalt",1,46,1
53,Washington,530365,1,33,1960,16,9,2015,4,21,0,2,4,4,8,0,No,3,Four-Way Intersection,None,1,3,2,0,0,0,1,1,1,No Rollover,21,Male,1,0,No (Alcohol Not Involved),No (Drugs Not Involved),0,0,0,0,20,481,31,1994,2GCEC19K0R11,No Trailing Unit,Not Applicable,No,998,0,0,0,0,"Yes, Specifics Unknown",99,99,99,99,Straight,Level,Not Reported,1,6,1
53,Washington,530365,1,33,1960,16,9,2015,4,21,0,2,4,4,8,0,No,3,Four-Way Intersection,None,1,3,2,0,0,0,1,1,1,No Rollover,21,Male,1,0,No (Alcohol Not Involved),No (Drugs Not Involved),0,0,0,0,20,481,31,1993,2GCEC19K1P11,No Trailing Unit,Not Applicable,No,78,0,0,0,0,"Yes, Exceeded Speed Limit",0,0,0,0,Straight,Level,Not Reported,2,2,1
53,Washington,530365,1,33,1960,16,9,2015,4,21,0,2,4,4,8,0,No,3,Four-Way Intersection,None,1,3,2,0,0,0,1,1,1,No Rollover,21,Male,1,0,No (Alcohol Not Involved),No (Drugs Not Involved),0,0,0,0,20,481,31,1992,2GCEC19K2N11,No Trailing Unit,Not Applicable,No,998,1,0,0,0,No,0,0,0,0,Straight,Level,Not Reported,2,6,2
53,Washington,530365,1,33,1960,16,9,2015,4,21,0,2,4,4,8,0,No,3,Four-Way Intersection,None,1,3,2,0,0,0,1,1,1,No Rollover,21,Male,1,0,No (Alcohol Not Involved),No (Drugs Not Involved),0,0,0,0,20,481,31,1996,2GCEC19R1T12,No Trailing Unit,Not Applicable,No,60,0,0,0,0,"Yes, Exceeded Speed Limit",36,0,0,0,Straight,Level,"Blacktop, Bituminous, or Asphalt",1,1,1
53,Washington,530365,1,33,1960,16,9,2015,4,21,0,2,4,4,8,0,No,3,Four-Way Intersection,None,1,3,2,0,0,0,1,1,1,No Rollover,21,Male,1,0,No (Alcohol Not Involved),No (Drugs Not Involved),0,0,0,0,20,481,31,1996,2GCEC19R5T12,No Trailing Unit,Not Applicable,No,50,0,0,0,1,"Yes, Exceeded Speed Limit",0,0,0,0,Straight,Level,Dirt,1,1,1
53,Washington,530365,1,33,1960,16,9,2015,4,21,0,2,4,4,8,0,No,3,Four-Way Intersection,None,1,3,2,0,0,0,1,1,1,No Rollover,21,Male,1,0,No (Alcohol Not Involved),No (Drugs Not Involved),0,0,0,0,20,481,31,1997,2GCEC19R5V11,No Trailing Unit,Not Applicable,No,998,0,0,0,0,No,0,0,0,0,Straight,Uphill,"Blacktop, Bituminous, or Asphalt",1,1,1
53,Washington,530365,1,33,1960,16,9,2015,4,21,0,2,4,4,8,0,No,3,Four-Way Intersection,None,1,3,2,0,0,0,1,1,1,No Rollover,21,Male,1,0,No (Alcohol Not Involved),No (Drugs Not Involved),0,0,0,0,20,481,31,1998,2GCEC19R6W12,No Trailing Unit,Not Applicable,No,998,1,0,0,2,No,0,0,0,0,Straight,Level,"Blacktop, Bituminous, or Asphalt",1,6,1
53,Washington,530365,1,33,1960,16,9,2015,4,21,0,2,4,4,8,0,No,3,Four-Way Intersection,None,1,3,2,0,0,0,1,1,1,No Rollover,21,Male,1,0,No (Alcohol Not Involved),No (Drugs Not Involved),0,0,0,0,20,481,31,2004,2GCEC19T0412,No Trailing Unit,Not Applicable,No,45,1,0,0,1,No,0,0,0,0,Straight,Level,"Blacktop, Bituminous, or Asphalt",1,6,1
53,Washington,530365,1,33,1960,16,9,2015,4,21,0,2,4,4,8,0,No,3,Four-Way Intersection,None,1,3,2,0,0,0,1,1,1,No Rollover,21,Male,1,0,No (Alcohol Not Involved),No (Drugs Not Involved),0,0,0,0,20,481,31,2000,2GCEC19T0Y12,No Trailing Unit,Not Applicable,No,70,0,4,0,0,No,0,0,0,0,Curve Right,Level,Not Reported,2,2,1
53,Washington,530365,1,33,1960,16,9,2015,4,21,0,2,4,4,8,0,No,3,Four-Way Intersection,None,1,3,2,0,0,0,1,1,1,No Rollover,21,Male,1,0,No (Alcohol Not Involved),No (Drugs Not Involved),0,0,0,0,20,481,31,2004,2GCEC19T1412,No Trailing Unit,Not Applicable,No,998,0,0,0,0,No,0,0,0,0,Straight,Level,Not Reported,1,44,1
53,Washington,530365,1,33,1960,16,9,2015,4,21,0,2,4,4,8,0,No,3,Four-Way Intersection,None,1,3,2,0,0,0,1,1,1,No Rollover,21,Male,1,0,No (Alcohol Not Involved),No (Drugs Not Involved),0,0,0,0,20,481,31,1999,2GCEC19T1X12,No Trailing Unit,Not Applicable,No,998,0,0,0,0,"Yes, Specifics Unknown",0,0,0,0,Curve Right,Level,Not Reported,1,6,1
53,Washington,530365,1,33,1960,16,9,2015,4,21,0,2,4,4,8,0,No,3,Four-Way Intersection,None,1,3,2,0,0,0,1,1,1,No Rollover,21,Male,1,0,No (Alcohol Not Involved),No (Drugs Not Involved),0,0,0,0,20,481,31,1999,2GCEC19T9X11,No Trailing Unit,Not Applicable,No,998,0,0,0,1,No,0,0,0,0,Curve Left,Level,"Blacktop, Bituminous, or Asphalt",1,1,1
53,Washington,530365,1,33,1960,16,9,2015,4,21,0,2,4,4,8,0,No,3,Four-Way Intersection,None,1,3,2,0,0,0,1,1,1,No Rollover,21,Male,1,0,No (Alcohol Not Involved),No (Drugs Not Involved),0,0,0,0,20,481,31,2001,2GCEC19TX113,No Trailing Unit,Not Applicable,No,998,0,1,0,3,No,58,28,0,0,Curve Left,Level,"Blacktop, Bituminous, or Asphalt",1,7,1
53,Washington,530365,1,33,1960,16,9,2015,4,21,0,2,4,4,8,0,No,3,Four-Way Intersection,None,1,3,2,0,0,0,1,1,1,No Rollover,21,Male,1,0,No (Alcohol Not Involved),No (Drugs Not Involved),0,0,0,0,20,481,31,2000,2GCEC19TXY13,No Trailing Unit,Not Applicable,No,45,0,0,0,0,No,89,58,0,0,Straight,Level,"Blacktop, Bituminous, or Asphalt",2,6,1
53,Washington,530365,1,33,1960,16,9,2015,4,21,0,2,4,4,8,0,No,3,Four-Way Intersection,None,1,3,2,0,0,0,1,1,1,No Rollover,21,Male,1,0,No (Alcohol Not Involved),No (Drugs Not Involved),0,0,0,0,20,481,31,2001,2GCEC19V2112,No Trailing Unit,Not Applicable,No,998,0,0,0,0,No,24,48,0,0,Curve Left,Downhill,"Blacktop, Bituminous, or Asphalt",1,7,1
53,Washington,530365,1,33,1960,16,9,2015,4,21,0,2,4,4,8,0,No,3,Four-Way Intersection,None,1,3,2,0,0,0,1,1,1,No Rollover,21,Male,1,0,No (Alcohol Not Involved),No (Drugs Not Involved),0,0,0,0,20,481,31,2003,2GCEC19V2311,No Trailing Unit,Not Applicable,No,998,0,0,0,0,"Yes, Too Fast for Conditions",0,0,0,0,Curve Left,Level,Not Reported,1,1,1
53,Washington,530365,1,33,1960,16,9,2015,4,21,0,2,4,4,8,0,No,3,Four-Way Intersection,None,1,3,2,0,0,0,1,1,1,No Rollover,21,Male,1,0,No (Alcohol Not Involved),No (Drugs Not Involved),0,0,0,0,20,481,31,2001,2GCEC19V3113,No Trailing Unit,Not Applicable,No,998,2,0,0,1,No,58,0,0,0,Curve Left,Level,Not Reported,1,2,1
53,Washington,530365,1,33,1960,16,9,2015,4,21,0,2,4,4,8,0,No,3,Four-Way Intersection,None,1,3,2,0,0,0,1,1,1,No Rollover,21,Male,1,0,No (Alcohol Not Involved),No (Drugs Not Involved),0,0,0,0,20,481,31,2003,2GCEC19V3313,No Trailing Unit,Not Applicable,No,998,0,1,0,0,No,6,0,0,0,Curve Right,"Grade, Unknown Slope","Blacktop, Bituminous, or Asphalt",1,7,1
53,Washington,530365,1,33,1960,16,9,2015,4,21,0,2,4,4,8,0,No,3,Four-Way Intersection,None,1,3,2,0,0,0,1,1,1,No Rollover,21,Male,1,0,No (Alcohol Not Involved),No (Drugs Not Involved),0,0,0,0,20,498,31,2004,2GCEC19V4411,No Trailing Unit,Not Applicable,No,998,98,0,0,0,"Yes, Specifics Unknown",0,0,0,0,Straight,Level,"Blacktop, Bituminous, or Asphalt",1,7,1