state_number,state_name,consecutive_number,number_of_forms_submitted_for_persons_not_in_motor_vehicles,county,city,day_of_crash,month_of_crash,year_of_crash,day_of_week,hour_of_crash,national_highway_system,land_use,functional_system,route_signing,first_harmful_event,manner_of_collision,relation_to_junction_within_interchange_area,relation_to_junction_specific_location,type_of_intersection,work_zone,relation_to_trafficway,light_condition,atmospheric_conditions,related_factors_crash_level_1,related_factors_crash_level_2,related_factors_crash_level_3,number_of_fatalities,vehicle_number,person_number,rollover,age,sex,person_type,injury_severity,police_reported_alcohol_involvement,police_reported_drug_involvement,related_factors_person_level1,related_factors_person_level2,related_factors_person_level3,race,vehicle_make,vehicle_model,body_type,vehicle_model_year,vehicle_identification_number_vin,vehicle_trailing,gross_vehicle_weight_rating,hazardous_material_involvement,travel_speed,previous_recorded_crashes,previous_recorded_suspensions_and_revocations,previous_dwi_convictions,previous_speeding_convictions,speeding_related,related_factors_driver_level_1,related_factors_driver_level_2,related_factors_driver_level_3,related_factors_driver_level_4,roadway_alignment,roadway_grade,roadway_surface_type,roadway_surface_condition,crash_type,fatalities_in_vehicle
53,Washington,530365,1,33,1960,16,9,2015,4,21,0,2,4,4,8,0,No,3,Four-Way Intersection,None,1,3,2,0,0,0,1,1,1,No Rollover,21,Male,1,0,No (Alcohol Not Involved),No (Drugs Not Involved),0,0,0,0,23,481,31,1990,2GTEC19K3L15,No Trailing Unit,Not Applicable,No,998,98,0,0,0,"Yes, Specifics Unknown",0,0,0,0,Curve – Unknown Direction,Level,"Blacktop, Bituminous, or Asphalt",1,6,1
53,Washington,530365,1,33,1960,16,9,2015,4,21,0,2,4,4,8,0,No,3,Four-Way Intersection,None,1,3,2,0,0,0,1,1,1,No Rollover,21,Male,1,0,No (Alcohol Not Involved),No (Drugs Not Involved),0,0,0,0,23,481,31,1992,2GTEC19K3N15,No Trailing Unit,Not Applicable,No,998,0,0,0,0,"Yes, Too Fast for Conditions",6,0,0,0,Curve Right,Downhill,"Slag, Gravel or Stone",1,6,1
53,Washington,530365,1,33,1960,16,9,2015,4,21,0,2,4,4,8,0,No,3,Four-Way Intersection,None,1,3,2,0,0,0,1,1,1,No Rollover,21,Male,1,0,No (Alcohol Not Involved),No (Drugs Not Involved),0,0,0,0,23,481,31,1992,2GTEC19K8N15,No Trailing Unit,Not Applicable,No,998,98,0,0,0,No,99,99,99,99,Straight,Level,"Blacktop, Bituminous, or Asphalt",1,5,1
53,Washington,530365,1,33,1960,16,9,2015,4,21,0,2,4,4,8,0,No,3,Four-Way Intersection,None,1,3,2,0,0,0,1,1,1,No Rollover,21,Male,1,0,No (Alcohol Not Involved),No (Drugs Not Involved),0,0,0,0,23,481,31,1992,2GTEC19K8N15,No Trailing Unit,Not Applicable,No,63,0,0,0,0,"Yes, Exceeded Speed Limit",0,0,0,0,Curve Right,Uphill,Not Reported,1,7,1
53,Washington,530365,1,33,1960,16,9,2015,4,21,0,2,4,4,8,0,No,3,Four-Way Intersection,None,1,3,2,0,0,0,1,1,1,No Rollover,21,Male,1,0,No (Alcohol Not Involved),No (Drugs Not Involved),0,0,0,0,23,481,31,1998,2GTEC19R6W15,No Trailing Unit,Not Applicable,No,70,0,1,0,0,No,6,0,0,0,Straight,Level,"Blacktop, Bituminous, or Asphalt",1,1,1
53,Washington,530365,1,33,1960,16,9,2015,4,21,0,2,4,4,8,0,No,3,Four-Way Intersection,None,1,3,2,0,0,0,1,1,1,No Rollover,21,Male,1,0,No (Alcohol Not Involved),No (Drugs Not Involved),0,0,0,0,23,481,31,2004,2GTEC19T3412,No Trailing Unit,Not Applicable,No,65,0,5,0,0,"Yes, Exceeded Speed Limit",28,0,0,0,Curve Left,Hillcrest,"Blacktop, Bituminous, or Asphalt",1,7,1
53,Washington,530365,1,33,1960,16,9,2015,4,21,0,2,4,4,8,0,No,3,Four-Way Intersection,None,1,3,2,0,0,0,1,1,1,No Rollover,21,Male,1,0,No (Alcohol Not Involved),No (Drugs Not Involved),0,0,0,0,23,481,31,2001,2GTEC19V0113,No Trailing Unit,Not Applicable,No,998,0,0,0,0,"Yes, Too Fast for Conditions",87,0,0,0,Curve Right,Level,Not Reported,2,7,1
53,Washington,530365,1,33,1960,16,9,2015,4,21,0,2,4,4,8,0,No,3,Four-Way Intersection,None,1,3,2,0,0,0,1,1,1,No Rollover,21,Male,1,0,No (Alcohol Not Involved),No (Drugs Not Involved),0,0,0,0,23,481,31,2004,2GTEC19VX411,No Trailing Unit,Not Applicable,No,80,0,0,0,0,"Yes, Exceeded Speed Limit",6,58,0,0,Curve Left,Level,"Blacktop, Bituminous, or Asphalt",1,7,1
53,Washington,530365,1,33,1960,16,9,2015,4,21,0,2,4,4,8,0,No,3,Four-Way Intersection,None,1,3,2,0,0,0,1,1,1,No Rollover,21,Male,1,0,No (Alcohol Not Involved),No (Drugs Not Involved),0,0,0,0,23,481,31,1993,2GTEC19Z9P15,No Trailing Unit,Not Applicable,No,55,0,0,0,0,Unknown,99,99,99,99,Curve Left,Level,"Blacktop, Bituminous, or Asphalt",2,1,1
53,Washington,530365,1,33,1960,16,9,2015,4,21,0,2,4,4,8,0,No,3,Four-Way Intersection,None,1,3,2,0,0,0,1,1,1,No Rollover,21,Male,1,0,No (Alcohol Not Involved),No (Drugs Not Involved),0,0,0,0,23,481,31,2007,2GTEK1335715,No Trailing Unit,Not Applicable,No,998,98,0,0,0,No,0,0,0,0,Straight,Level,"Blacktop, Bituminous, or Asphalt",1,1,1
53,Washington,530365,1,33,1960,16,9,2015,4,21,0,2,4,4,8,0,No,3,Four-Way Intersection,None,1,3,2,0,0,0,1,1,1,No Rollover,21,Male,1,0,No (Alcohol Not Involved),No (Drugs Not Involved),0,0,0,0,23,481,31,2007,2GTEK13M1715,No Trailing Unit,Not Applicable,No,60,0,1,0,2,"Yes, Too Fast for Conditions",91,0,0,0,Curve Left,Level,"Blacktop, Bituminous, or Asphalt",1,1,1
53,Washington,530365,1,33,1960,16,9,2015,4,21,0,2,4,4,8,0,No,3,Four-Way Intersection,None,1,3,2,0,0,0,1,1,1,No Rollover,21,Male,1,0,No (Alcohol Not Involved),No (Drugs Not Involved),0,0,0,0,23,481,31,2006,2GTEK13T1611,No Trailing Unit,Not Applicable,No,998,0,0,0,0,No,0,0,0,0,Straight,Level,"Blacktop, Bituminous, or Asphalt",1,2,1
53,Washington,530365,1,33,1960,16,9,2015,4,21,0,2,4,4,8,0,No,3,Four-Way Intersection,None,1,3,2,0,0,0,1,1,1,No Rollover,21,Male,1,0,No (Alcohol Not Involved),No (Drugs Not Involved),0,0,0,0,23,481,31,2004,2GTEK13T3412,No Trailing Unit,Not Applicable,No,998,98,0,0,0,No,6,58,0,0,Straight,Level,"Blacktop, Bituminous, or Asphalt",1,2,1
53,Washington,530365,1,33,1960,16,9,2015,4,21,0,2,4,4,8,0,No,3,Four-Way Intersection,None,1,3,2,0,0,0,1,1,1,No Rollover,21,Male,1,0,No (Alcohol Not Involved),No (Drugs Not Involved),0,0,0,0,23,481,31,2005,2GTEK13T3511,No Trailing Unit,Not Applicable,No,998,0,0,0,0,"Yes, Specifics Unknown",0,0,0,0,Curve Left,Level,"Blacktop, Bituminous, or Asphalt",1,1,1
53,Washington,530365,1,33,1960,16,9,2015,4,21,0,2,4,4,8,0,No,3,Four-Way Intersection,None,1,3,2,0,0,0,1,1,1,No Rollover,21,Male,1,0,No (Alcohol Not Involved),No (Drugs Not Involved),0,0,0,0,23,481,31,2004,2GTEK13T8414,No Trailing Unit,Not Applicable,No,999,0,1,1,2,No,89,58,0,0,Curve Left,Level,"Blacktop, Bituminous, or Asphalt",1,1,1
53,Washington,530365,1,33,1960,16,9,2015,4,21,0,2,4,4,8,0,No,3,Four-Way Intersection,None,1,3,2,0,0,0,1,1,1,No Rollover,21,Male,1,0,No (Alcohol Not Involved),No (Drugs Not Involved),0,0,0,0,23,481,31,1985,2GTEK14H9F15,No Trailing Unit,Not Applicable,No,998,2,0,0,2,"Yes, Too Fast for Conditions",36,91,0,0,Curve Right,Level,"Blacktop, Bituminous, or Asphalt",1,6,1
53,Washington,530365,1,33,1960,16,9,2015,4,21,0,2,4,4,8,0,No,3,Four-Way Intersection,None,1,3,2,0,0,0,1,1,1,No Rollover,21,Male,1,0,No (Alcohol Not Involved),No (Drugs Not Involved),0,0,0,0,23,481,31,2005,2GTEK19B2513,No Trailing Unit,Not Applicable,No,76,0,0,0,4,"Yes, Exceeded Speed Limit",0,0,0,0,Curve Left,Level,"Blacktop, Bituminous, or Asphalt",1,1,1
53,Washington,530365,1,33,1960,16,9,2015,4,21,0,2,4,4,8,0,No,3,Four-Way Intersection,None,1,3,2,0,0,0,1,1,1,No Rollover,21,Male,1,0,No (Alcohol Not Involved),No (Drugs Not Involved),0,0,0,0,23,481,31,2007,2GTEK19J8716,No Trailing Unit,Not Applicable,No,999,0,0,0,0,"Yes, Too Fast for Conditions",87,0,0,0,Straight,Level,"Blacktop, Bituminous, or Asphalt",4,7,1
53,Washington,530365,1,33,1960,16,9,2015,4,21,0,2,4,4,8,0,No,3,Four-Way Intersection,None,1,3,2,0,0,0,1,1,1,No Rollover,21,Male,1,0,No (Alcohol Not Involved),No (Drugs Not Involved),0,0,0,0,23,481,31,1993,2GTEK19K4P15,No Trailing Unit,Not Applicable,No,998,0,0,0,0,"Yes, Too Fast for Conditions",58,0,0,0,Straight,Level,Not Reported,1,1,1
53,Washington,530365,1,33,1960,16,9,2015,4,21,0,2,4,4,8,0,No,3,Four-Way Intersection,None,1,3,2,0,0,0,1,1,1,No Rollover,21,Male,1,0,No (Alcohol Not Involved),No (Drugs Not Involved),0,0,0,0,23,481,31,1995,2GTEK19K5S15,No Trailing Unit,Not Applicable,No,998,0,1,0,0,"Yes, Too Fast for Conditions",58,0,0,0,Curve Left,Downhill,"Blacktop, Bituminous, or Asphalt",2,2,1
53,Washington,530365,1,33,1960,16,9,2015,4,21,0,2,4,4,8,0,No,3,Four-Way Intersection,None,1,3,2,0,0,0,1,1,1,No Rollover,21,Male,1,0,No (Alcohol Not Involved),No (Drugs Not Involved),0,0,0,0,23,481,31,1997,2GTEK19M5V15,No Trailing Unit,Not Applicable,No,998,1,1,0,0,"Yes, Too Fast for Conditions",36,37,23,74,Straight,Level,"Blacktop, Bituminous, or Asphalt",1,1,1
53,Washington,530365,1,33,1960,16,9,2015,4,21,0,2,4,4,8,0,No,3,Four-Way Intersection,None,1,3,2,0,0,0,1,1,1,No Rollover,21,Male,1,0,No (Alcohol Not Involved),No (Drugs Not Involved),0,0,0,0,23,481,31,1997,2GTEK19R3V15,No Trailing Unit,Not Applicable,No,998,0,0,0,0,"Yes, Too Fast for Conditions",91,58,0,0,Curve Right,Level,Not Reported,1,2,1
53,Washington,530365,1,33,1960,16,9,2015,4,21,0,2,4,4,8,0,No,3,Four-Way Intersection,None,1,3,2,0,0,0,1,1,1,No Rollover,21,Male,1,0,No (Alcohol Not Involved),No (Drugs Not Involved),0,0,0,0,23,481,31,1998,2GTEK19R4W15,No Trailing Unit,Not Applicable,No,998,0,0,0,2,"Yes, Too Fast for Conditions",58,0,0,0,Curve Left,Level,Not Reported,1,6,1
53,Washington,530365,1,33,1960,16,9,2015,4,21,0,2,4,4,8,0,No,3,Four-Way Intersection,None,1,3,2,0,0,0,1,1,1,No Rollover,21,Male,1,0,No (Alcohol Not Involved),No (Drugs Not Involved),0,0,0,0,23,481,31,1998,2GTEK19RXW15,No Trailing Unit,Not Applicable,No,998,0,3,1,1,"Yes, Exceeded Speed Limit",58,0,0,0,Straight,Level,"Blacktop, Bituminous, or Asphalt",1,2,1
53,Washington,530365,1,33,1960,16,9,2015,4,21,0,2,4,4,8,0,No,3,Four-Way Intersection,None,1,3,2,0,0,0,1,1,1,No Rollover,21,Male,1,0,No (Alcohol Not Involved),No (Drugs Not Involved),0,0,0,0,23,481,31,2002,2GTEK19T0214,No Trailing Unit,Not Applicable,No,999,0,0,0,0,No,99,99,99,99,Straight,Level,"Blacktop, Bituminous, or Asphalt",1,6,1
53,Washington,530365,1,33,1960,16,9,2015,4,21,0,2,4,4,8,0,No,3,Four-Way Intersection,None,1,3,2,0,0,0,1,1,1,No Rollover,21,Male,1,0,No (Alcohol Not Involved),No (Drugs Not Involved),0,0,0,0,23,481,31,2004,2GTEK19T0411,No Trailing Unit,Not Applicable,No,998,0,0,0,0,"Yes, Too Fast for Conditions",58,0,0,0,Curve Right,Downhill,Concrete,1,7,1
53,Washington,530365,1,33,1960,16,9,2015,4,21,0,2,4,4,8,0,No,3,Four-Way Intersection,None,1,3,2,0,0,0,1,1,1,No Rollover,21,Male,1,0,No (Alcohol Not Involved),No (Drugs Not Involved),0,0,0,0,23,481,31,2000,2GTEK19T2Y13,No Trailing Unit,Not Applicable,No,998,0,3,0,0,"Yes, Too Fast for Conditions",0,0,0,0,Straight,Level,"Blacktop, Bituminous, or Asphalt",1,7,1
53,Washington,530365,1,33,1960,16,9,2015,4,21,0,2,4,4,8,0,No,3,Four-Way Intersection,None,1,3,2,0,0,0,1,1,1,No Rollover,21,Male,1,0,No (Alcohol Not Involved),No (Drugs Not Involved),0,0,0,0,23,481,31,1999,2GTEK19T3X15,No Trailing Unit,Not Applicable,No,50,98,0,0,0,No,0,0,0,0,Curve Left,Level,"Blacktop, Bituminous, or Asphalt",1,1,1
53,Washington,530365,1,33,1960,16,9,2015,4,21,0,2,4,4,8,0,No,3,Four-Way Intersection,None,1,3,2,0,0,0,1,1,1,No Rollover,21,Male,1,0,No (Alcohol Not Involved),No (Drugs Not Involved),0,0,0,0,23,481,31,2004,2GTEK19T6411,No Trailing Unit,Not Applicable,No,998,0,1,0,0,"Yes, Exceeded Speed Limit",37,91,0,0,Straight,"Grade, Unknown Slope","Blacktop, Bituminous, or Asphalt",1,7,1
53,Washington,530365,1,33,1960,16,9,2015,4,21,0,2,4,4,8,0,No,3,Four-Way Intersection,None,1,3,2,0,0,0,1,1,1,No Rollover,21,Male,1,0,No (Alcohol Not Involved),No (Drugs Not Involved),0,0,0,0,23,481,31,1999,2GTEK19T6X15,No Trailing Unit,Not Applicable,No,998,98,4,5,0,"Yes, Too Fast for Conditions",36,58,6,74,Straight,Uphill,"Slag, Gravel or Stone",1,7,1
53,Washington,530365,1,33,1960,16,9,2015,4,21,0,2,4,4,8,0,No,3,Four-Way Intersection,None,1,3,2,0,0,0,1,1,1,No Rollover,21,Male,1,0,No (Alcohol Not Involved),No (Drugs Not Involved),0,0,0,0,23,421,15,2007,2GTEK6380716,No Trailing Unit,Not Applicable,No,998,98,1,0,0,"Yes, Too Fast for Conditions",0,0,0,0,Curve Left,Level,"Blacktop, Bituminous, or Asphalt",1,6,1
53,Washington,530365,1,33,1960,16,9,2015,4,21,0,2,4,4,8,0,No,3,Four-Way Intersection,None,1,3,2,0,0,0,1,1,1,No Rollover,21,Male,1,0,No (Alcohol Not Involved),No (Drugs Not Involved),0,0,0,0,23,481,31,2002,2GTFK69U1214,No Trailing Unit,Not Applicable,No,95,0,1,0,3,"Yes, Exceeded Speed Limit",0,0,0,0,Curve Left,Uphill,Not Reported,1,2,1
53,Washington,530365,1,33,1960,16,9,2015,4,21,0,2,4,4,8,0,No,3,Four-Way Intersection,None,1,3,2,0,0,0,1,1,1,No Rollover,21,Male,1,0,No (Alcohol Not Involved),No (Drugs Not Involved),0,0,0,0,37,31,3,1990,2HGED634XLH5,No Trailing Unit,Not Applicable,No,999,0,1,0,0,No,48,0,0,0,Straight,Not Reported,"Blacktop, Bituminous, or Asphalt",1,6,1
53,Washington,530365,1,33,1960,16,9,2015,4,21,0,2,4,4,8,0,No,3,Four-Way Intersection,None,1,3,2,0,0,0,1,1,1,No Rollover,21,Male,1,0,No (Alcohol Not Involved),No (Drugs Not Involved),0,0,0,0,37,31,4,1990,2HGED7362LH5,No Trailing Unit,Not Applicable,No,998,0,2,0,1,No,58,0,0,0,Straight,Level,"Blacktop, Bituminous, or Asphalt",1,1,1
53,Washington,530365,1,33,1960,16,9,2015,4,21,0,2,4,4,8,0,No,3,Four-Way Intersection,None,1,3,2,0,0,0,1,1,1,No Rollover,21,Male,1,0,No (Alcohol Not Involved),No (Drugs Not Involved),0,0,0,0,37,31,2,1993,2HGEH2368PH5,No Trailing Unit,Not Applicable,No,998,0,13,0,2,No,83,0,0,0,Curve Right,Level,Not Reported,1,1,1
53,Washington,530365,1,33,1960,16,9,2015,4,21,0,2,4,4,8,0,No,3,Four-Way Intersection,None,1,3,2,0,0,0,1,1,1,No Rollover,21,Male,1,0,No (Alcohol Not Involved),No (Drugs Not Involved),0,0,0,0,37,31,2,1994,2HGEH2373RH5,No Trailing Unit,Not Applicable,No,68,0,0,0,0,"Yes, Exceeded Speed Limit",58,0,0,0,Curve Right,Level,"Blacktop, Bituminous, or Asphalt",1,7,1
53,Washington,530365,1,33,1960,16,9,2015,4,21,0,2,4,4,8,0,No,3,Four-Way Intersection,None,1,3,2,0,0,0,1,1,1,No Rollover,21,Male,1,0,No (Alcohol Not Involved),No (Drugs Not Involved),0,0,0,0,37,31,4,1995,2HGEJ1127SH5,No Trailing Unit,Not Applicable,No,998,99,99,99,99,No,99,99,99,99,Straight,"Grade, Unknown Slope",Not Reported,1,2,1
53,Washington,530365,1,33,1960,16,9,2015,4,21,0,2,4,4,8,0,No,3,Four-Way Intersection,None,1,3,2,0,0,0,1,1,1,No Rollover,21,Male,1,0,No (Alcohol Not Involved),No (Drugs Not Involved),0,0,0,0,37,31,2,1995,2HGEJ2229SH5,No Trailing Unit,Not Applicable,No,70,0,0,0,0,"Yes, Too Fast for Conditions",0,0,0,0,Curve – Unknown Direction,Not Reported,Not Reported,1,1,1
53,Washington,530365,1,33,1960,16,9,2015,4,21,0,2,4,4,8,0,No,3,Four-Way Intersection,None,1,3,2,0,0,0,1,1,1,No Rollover,21,Male,1,0,No (Alcohol Not Involved),No (Drugs Not Involved),0,0,0,0,37,31,3,1996,2HGEJ632XTH1,No Trailing Unit,Not Applicable,No,65,0,0,0,0,No,48,0,0,0,Not Reported,Level,Not Reported,1,1,1
53,Washington,530365,1,33,1960,16,9,2015,4,21,0,2,4,4,8,0,No,3,Four-Way Intersection,None,1,3,2,0,0,0,1,1,1,No Rollover,21,Male,1,0,No (Alcohol Not Involved),No (Drugs Not Involved),0,0,0,0,37,31,4,2000,2HGEJ657XYH5,No Trailing Unit,Not Applicable,No,65,1,1,0,0,"Yes, Too Fast for Conditions",0,0,0,0,Straight,Level,"Blacktop, Bituminous, or Asphalt",1,1,1
53,Washington,530365,1,33,1960,16,9,2015,4,21,0,2,4,4,8,0,No,3,Four-Way Intersection,None,1,3,2,0,0,0,1,1,1,No Rollover,21,Male,1,0,No (Alcohol Not Involved),No (Drugs Not Involved),0,0,0,0,37,31,4,1999,2HGEJ6613XH5,No Trailing Unit,Not Applicable,No,999,1,0,0,0,"Yes, Exceeded Speed Limit",28,0,0,0,Curve Left,Hillcrest,"Blacktop, Bituminous, or Asphalt",1,7,1
53,Washington,530365,1,33,1960,16,9,2015,4,21,0,2,4,4,8,0,No,3,Four-Way Intersection,None,1,3,2,0,0,0,1,1,1,No Rollover,21,Male,1,0,No (Alcohol Not Involved),No (Drugs Not Involved),0,0,0,0,37,31,4,2000,2HGEJ6619YH5,No Trailing Unit,Not Applicable,No,998,0,4,0,0,No,51,0,0,0,Straight,Level,"Blacktop, Bituminous, or Asphalt",1,1,1
53,Washington,530365,1,33,1960,16,9,2015,4,21,0,2,4,4,8,0,No,3,Four-Way Intersection,None,1,3,2,0,0,0,1,1,1,No Rollover,21,Male,1,0,No (Alcohol Not Involved),No (Drugs Not Involved),0,0,0,0,37,31,4,2005,2HGES15575H6,No Trailing Unit,Not Applicable,No,998,0,0,1,0,"Yes, Exceeded Speed Limit",0,0,0,0,Curve Left,Level,"Blacktop, Bituminous, or Asphalt",1,98,1
53,Washington,530365,1,33,1960,16,9,2015,4,21,0,2,4,4,8,0,No,3,Four-Way Intersection,None,1,3,2,0,0,0,1,1,1,No Rollover,21,Male,1,0,No (Alcohol Not Involved),No (Drugs Not Involved),0,0,0,0,37,31,4,2004,2HGES16464H5,No Trailing Unit,Not Applicable,No,998,0,0,0,0,"Yes, Too Fast for Conditions",51,0,0,0,Curve Right,Level,"Blacktop, Bituminous, or Asphalt",1,6,1
53,Washington,530365,1,33,1960,16,9,2015,4,21,0,2,4,4,8,0,No,3,Four-Way Intersection,None,1,3,2,0,0,0,1,1,1,No Rollover,21,Male,1,0,No (Alcohol Not Involved),No (Drugs Not Involved),0,0,0,0,37,31,4,2003,2HGES16513H5,No Trailing Unit,Not Applicable,No,998,98,0,0,0,"Yes, Too Fast for Conditions",0,0,0,0,Straight,Level,"Blacktop, Bituminous, or Asphalt",1,1,1
53,Washington,530365,1,33,1960,16,9,2015,4,21,0,2,4,4,8,0,No,3,Four-Way Intersection,None,1,3,2,0,0,0,1,1,1,No Rollover,21,Male,1,0,No (Alcohol Not Involved),No (Drugs Not Involved),0,0,0,0,37,31,4,2005,2HGES16605H5,No Trailing Unit,Not Applicable,No,90,0,3,0,0,"Yes, Too Fast for Conditions",29,0,0,0,Curve Left,Level,"Blacktop, Bituminous, or Asphalt",1,1,1
53,Washington,530365,1,33,1960,16,9,2015,4,21,0,2,4,4,8,0,No,3,Four-Way Intersection,None,1,3,2,0,0,0,1,1,1,No Rollover,21,Male,1,0,No (Alcohol Not Involved),No (Drugs Not Involved),0,0,0,0,37,31,4,2002,2HGES26762H5,No Trailing Unit,Not Applicable,No,999,1,0,0,0,No,0,0,0,0,Straight,Not Reported,"Blacktop, Bituminous, or Asphalt",1,1,1
53,Washington,530365,1,33,1960,16,9,2015,4,21,0,2,4,4,8,0,No,3,Four-Way Intersection,None,1,3,2,0,0,0,1,1,1,No Rollover,21,Male,1,0,No (Alcohol Not Involved),No (Drugs Not Involved),0,0,0,0,37,31,4,2004,2HGES26804H5,No Trailing Unit,Not Applicable,No,75,98,0,0,0,No,83,0,0,0,Straight,Downhill,"Blacktop, Bituminous, or Asphalt",1,8,1
53,Washington,530365,1,33,1960,16,9,2015,4,21,0,2,4,4,8,0,No,3,Four-Way Intersection,None,1,3,2,0,0,0,1,1,1,No Rollover,21,Male,1,0,No (Alcohol Not Involved),No (Drugs Not Involved),0,0,0,0,37,31,4,2005,2HGES26855H5,No Trailing Unit,Not Applicable,No,55,0,0,0,0,No,58,0,0,0,Curve Left,Level,"Blacktop, Bituminous, or Asphalt",1,7,1
53,Washington,530365,1,33,1960,16,9,2015,4,21,0,2,4,4,8,0,No,3,Four-Way Intersection,None,1,3,2,0,0,0,1,1,1,No Rollover,21,Male,1,0,No (Alcohol Not Involved),No (Drugs Not Involved),0,0,0,0,37,31,4,2009,2HGFA16549H5,No Trailing Unit,Not Applicable,No,998,1,0,0,2,"Yes, Specifics Unknown",6,0,0,0,Curve – Unknown Direction,Level,"Blacktop, Bituminous, or Asphalt",1,1,1
53,Washington,530365,1,33,1960,16,9,2015,4,21,0,2,4,4,8,0,No,3,Four-Way Intersection,None,1,3,2,0,0,0,1,1,1,No Rollover,21,Male,1,0,No (Alcohol Not Involved),No (Drugs Not Involved),0,0,0,0,37,31,4,2008,2HGFA16558H3,No Trailing Unit,Not Applicable,No,45,0,0,0,2,No,0,0,0,0,Straight,Level,Not Reported,1,1,1
53,Washington,530365,1,33,1960,16,9,2015,4,21,0,2,4,4,8,0,No,3,Four-Way Intersection,None,1,3,2,0,0,0,1,1,1,No Rollover,21,Male,1,0,No (Alcohol Not Involved),No (Drugs Not Involved),0,0,0,0,37,31,4,2009,2HGFA16559H3,No Trailing Unit,Not Applicable,No,65,0,0,0,0,"Yes, Too Fast for Conditions",6,0,0,0,Curve Right,Level,"Blacktop, Bituminous, or Asphalt",1,2,1
53,Washington,530365,1,33,1960,16,9,2015,4,21,0,2,4,4,8,0,No,3,Four-Way Intersection,None,1,3,2,0,0,0,1,1,1,No Rollover,21,Male,1,0,No (Alcohol Not Involved),No (Drugs Not Involved),0,0,0,0,37,31,4,2010,2HGFA1F51AH3,No Trailing Unit,Not Applicable,No,55,0,0,0,0,No,0,0,0,0,Curve Left,Downhill,"Blacktop, Bituminous, or Asphalt",2,1,1
53,Washington,530365,1,33,1960,16,9,2015,4,21,0,2,4,4,8,0,No,3,Four-Way Intersection,None,1,3,2,0,0,0,1,1,1,No Rollover,21,Male,1,0,No (Alcohol Not Involved),No (Drugs Not Involved),0,0,0,0,37,31,4,2012,2HGFB2F60CH3,No Trailing Unit,Not Applicable,No,998,98,0,0,0,No,99,99,99,99,Straight,Level,"Blacktop, Bituminous, or Asphalt",1,5,1
53,Washington,530365,1,33,1960,16,9,2015,4,21,0,2,4,4,8,0,No,3,Four-Way Intersection,None,1,3,2,0,0,0,1,1,1,No Rollover,21,Male,1,0,No (Alcohol Not Involved),No (Drugs Not Involved),0,0,0,0,37,31,4,2012,2HGFB6E50CH7,No Trailing Unit,Not Applicable,No,999,0,0,0,0,"Yes, Too Fast for Conditions",0,0,0,0,Curve Left,Uphill,"Blacktop, Bituminous, or Asphalt",1,1,1
53,Washington,530365,1,33,1960,16,9,2015,4,21,0,2,4,4,8,0,No,3,Four-Way Intersection,None,1,3,2,0,0,0,1,1,1,No Rollover,21,Male,1,0,No (Alcohol Not Involved),No (Drugs Not Involved),0,0,0,0,37,31,4,2013,2HGFB6E52DH7,No Trailing Unit,Not Applicable,No,75,1,0,0,1,"Yes, Too Fast for Conditions",0,0,0,0,Curve Right,Uphill,"Blacktop, Bituminous, or Asphalt",1,1,1
53,Washington,530365,1,33,1960,16,9,2015,4,21,0,2,4,4,8,0,No,3,Four-Way Intersection,None,1,3,2,0,0,0,1,1,1,No Rollover,21,Male,1,0,No (Alcohol Not Involved),No (Drugs Not Involved),0,0,0,0,37,31,2,2006,2HGFG11696H5,No Trailing Unit,Not Applicable,No,999,0,0,0,0,No,0,0,0,0,Straight,Level,"Blacktop, Bituminous, or Asphalt",2,13,0
53,Washington,530365,1,33,1960,16,9,2015,4,21,0,2,4,4,8,0,No,3,Four-Way Intersection,None,1,3,2,0,0,0,1,1,1,No Rollover,21,Male,1,0,No (Alcohol Not Involved),No (Drugs Not Involved),0,0,0,0,37,31,2,2008,2HGFG12648H5,No Trailing Unit,Not Applicable,No,998,0,0,0,0,No,99,99,99,99,Straight,Level,Not Reported,1,1,1
53,Washington,530365,1,33,1960,16,9,2015,4,21,0,2,4,4,8,0,No,3,Four-Way Intersection,None,1,3,2,0,0,0,1,1,1,No Rollover,21,Male,1,0,No (Alcohol Not Involved),No (Drugs Not Involved),0,0,0,0,37,31,2,2007,2HGFG12677H5,No Trailing Unit,Not Applicable,No,999,0,0,0,1,"Yes, Too Fast for Conditions",0,0,0,0,Curve Left,Uphill,"Blacktop, Bituminous, or Asphalt",1,3,1
53,Washington,530365,1,33,1960,16,9,2015,4,21,0,2,4,4,8,0,No,3,Four-Way Intersection,None,1,3,2,0,0,0,1,1,1,No Rollover,21,Male,1,0,No (Alcohol Not Involved),No (Drugs Not Involved),0,0,0,0,37,31,4,2006,2HGFG12696H5,No Trailing Unit,Not Applicable,No,112,98,0,0,1,"Yes, Exceeded Speed Limit",0,0,0,0,Straight,"Grade, Unknown Slope",Concrete,1,98,1
53,Washington,530365,1,33,1960,16,9,2015,4,21,0,2,4,4,8,0,No,3,Four-Way Intersection,None,1,3,2,0,0,0,1,1,1,No Rollover,21,Male,1,0,No (Alcohol Not Involved),No (Drugs Not Involved),0,0,0,0,37,31,2,2009,2HGFG128X9H5,No Trailing Unit,Not Applicable,No,998,98,1,0,1,No,58,0,0,0,Straight,"Grade, Unknown Slope","Blacktop, Bituminous, or Asphalt",1,7,1