state_number,state_name,consecutive_number,number_of_forms_submitted_for_persons_not_in_motor_vehicles,county,city,day_of_crash,month_of_crash,year_of_crash,day_of_week,hour_of_crash,national_highway_system,land_use,functional_system,route_signing,first_harmful_event,manner_of_collision,relation_to_junction_within_interchange_area,relation_to_junction_specific_location,type_of_intersection,work_zone,relation_to_trafficway,light_condition,atmospheric_conditions,related_factors_crash_level_1,related_factors_crash_level_2,related_factors_crash_level_3,number_of_fatalities,vehicle_number,person_number,rollover,age,sex,person_type,injury_severity,police_reported_alcohol_involvement,police_reported_drug_involvement,related_factors_person_level1,related_factors_person_level2,related_factors_person_level3,race,vehicle_make,vehicle_model,body_type,vehicle_model_year,vehicle_identification_number_vin,vehicle_trailing,gross_vehicle_weight_rating,hazardous_material_involvement,travel_speed,previous_recorded_crashes,previous_recorded_suspensions_and_revocations,previous_dwi_convictions,previous_speeding_convictions,speeding_related,related_factors_driver_level_1,related_factors_driver_level_2,related_factors_driver_level_3,related_factors_driver_level_4,roadway_alignment,roadway_grade,roadway_surface_type,roadway_surface_condition,crash_type,fatalities_in_vehicle
53,Washington,530365,1,33,1960,16,9,2015,4,21,0,2,4,4,8,0,No,3,Four-Way Intersection,None,1,3,2,0,0,0,1,1,1,No Rollover,21,Male,1,0,No (Alcohol Not Involved),No (Drugs Not Involved),0,0,0,0,35,401,14,1996,JN8AR05YXTW0,No Trailing Unit,Not Applicable,No,80,0,0,0,1,No,58,0,0,0,Curve Right,Level,"Blacktop, Bituminous, or Asphalt",2,98,1
53,Washington,530365,1,33,1960,16,9,2015,4,21,0,2,4,4,8,0,No,3,Four-Way Intersection,None,1,3,2,0,0,0,1,1,1,No Rollover,21,Male,1,0,No (Alcohol Not Involved),No (Drugs Not Involved),0,0,0,0,35,401,14,1999,JN8AR07S1XW3,No Trailing Unit,Not Applicable,No,999,1,0,0,0,"Yes, Exceeded Speed Limit",0,0,0,0,Curve Right,Downhill,"Blacktop, Bituminous, or Asphalt",1,1,1
53,Washington,530365,1,33,1960,16,9,2015,4,21,0,2,4,4,8,0,No,3,Four-Way Intersection,None,1,3,2,0,0,0,1,1,1,No Rollover,21,Male,1,0,No (Alcohol Not Involved),No (Drugs Not Involved),0,0,0,0,35,401,14,1999,JN8AR07S5XW3,No Trailing Unit,Not Applicable,No,70,98,0,0,0,No,6,0,0,0,Straight,Level,"Blacktop, Bituminous, or Asphalt",1,98,1
53,Washington,530365,1,33,1960,16,9,2015,4,21,0,2,4,4,8,0,No,3,Four-Way Intersection,None,1,3,2,0,0,0,1,1,1,No Rollover,21,Male,1,0,No (Alcohol Not Involved),No (Drugs Not Involved),0,0,0,0,58,39,6,2011,JN8AS1MW2BM7,No Trailing Unit,Not Applicable,No,998,1,1,0,1,No,0,0,0,0,Straight,"Grade, Unknown Slope",Not Reported,1,6,1
53,Washington,530365,1,33,1960,16,9,2015,4,21,0,2,4,4,8,0,No,3,Four-Way Intersection,None,1,3,2,0,0,0,1,1,1,No Rollover,21,Male,1,0,No (Alcohol Not Involved),No (Drugs Not Involved),0,0,0,0,35,51,6,2009,JN8AS58V89W1,No Trailing Unit,Not Applicable,No,999,98,0,0,0,Unknown,28,0,0,0,Curve Left,Level,"Blacktop, Bituminous, or Asphalt",1,2,1
53,Washington,530365,1,33,1960,16,9,2015,4,21,0,2,4,4,8,0,No,3,Four-Way Intersection,None,1,3,2,0,0,0,1,1,1,No Rollover,21,Male,1,0,No (Alcohol Not Involved),No (Drugs Not Involved),0,0,0,0,35,51,6,2014,JN8AS5MT1EW6,No Trailing Unit,Not Applicable,No,998,1,0,0,1,No,0,0,0,0,Straight,Level,Not Reported,1,1,2
53,Washington,530365,1,33,1960,16,9,2015,4,21,0,2,4,4,8,0,No,3,Four-Way Intersection,None,1,3,2,0,0,0,1,1,1,No Rollover,21,Male,1,0,No (Alcohol Not Involved),No (Drugs Not Involved),0,0,0,0,35,51,6,2010,JN8AS5MT6AW5,No Trailing Unit,Not Applicable,No,70,0,0,0,0,No,51,0,0,0,Straight,Level,Concrete,1,52,1
53,Washington,530365,1,33,1960,16,9,2015,4,21,0,2,4,4,8,0,No,3,Four-Way Intersection,None,1,3,2,0,0,0,1,1,1,No Rollover,21,Male,1,0,No (Alcohol Not Involved),No (Drugs Not Involved),0,0,0,0,35,51,6,2010,JN8AS5MV3AW6,No Trailing Unit,Not Applicable,No,998,0,0,0,0,No,0,0,0,0,Straight,Level,"Blacktop, Bituminous, or Asphalt",1,1,1
53,Washington,530365,1,33,1960,16,9,2015,4,21,0,2,4,4,8,0,No,3,Four-Way Intersection,None,1,3,2,0,0,0,1,1,1,No Rollover,21,Male,1,0,No (Alcohol Not Involved),No (Drugs Not Involved),0,0,0,0,35,51,6,2013,JN8AS5MV3DW1,No Trailing Unit,Not Applicable,No,100,1,0,0,0,"Yes, Exceeded Speed Limit",58,36,0,0,Straight,Level,"Blacktop, Bituminous, or Asphalt",1,98,1
53,Washington,530365,1,33,1960,16,9,2015,4,21,0,2,4,4,8,0,No,3,Four-Way Intersection,None,1,3,2,0,0,0,1,1,1,No Rollover,21,Male,1,0,No (Alcohol Not Involved),No (Drugs Not Involved),0,0,0,0,35,51,6,2010,JN8AS5MV9AW1,No Trailing Unit,Not Applicable,No,998,0,0,0,2,"Yes, Exceeded Speed Limit",27,0,0,0,Straight,Level,"Blacktop, Bituminous, or Asphalt",1,47,2
53,Washington,530365,1,33,1960,16,9,2015,4,21,0,2,4,4,8,0,No,3,Four-Way Intersection,None,1,3,2,0,0,0,1,1,1,No Rollover,21,Male,1,0,No (Alcohol Not Involved),No (Drugs Not Involved),0,0,0,0,35,49,6,2004,JN8AZ08T34W2,No Trailing Unit,Not Applicable,No,998,98,0,0,0,No,0,0,0,0,Curve Left,Uphill,"Blacktop, Bituminous, or Asphalt",1,1,1
53,Washington,530365,1,33,1960,16,9,2015,4,21,0,2,4,4,8,0,No,3,Four-Way Intersection,None,1,3,2,0,0,0,1,1,1,No Rollover,21,Male,1,0,No (Alcohol Not Involved),No (Drugs Not Involved),0,0,0,0,35,49,6,2003,JN8AZ08T73W1,No Trailing Unit,Not Applicable,No,65,1,1,0,0,No,0,0,0,0,Straight,Level,"Blacktop, Bituminous, or Asphalt",1,98,1
53,Washington,530365,1,33,1960,16,9,2015,4,21,0,2,4,4,8,0,No,3,Four-Way Intersection,None,1,3,2,0,0,0,1,1,1,No Rollover,21,Male,1,0,No (Alcohol Not Involved),No (Drugs Not Involved),0,0,0,0,35,49,6,2005,JN8AZ08TX5W3,No Trailing Unit,Not Applicable,No,55,1,2,0,0,No,6,0,0,0,Curve Right,Level,Not Reported,1,6,1
53,Washington,530365,1,33,1960,16,9,2015,4,21,0,2,4,4,8,0,No,3,Four-Way Intersection,None,1,3,2,0,0,0,1,1,1,No Rollover,21,Male,1,0,No (Alcohol Not Involved),No (Drugs Not Involved),0,0,0,0,35,49,6,2007,JN8AZ08W37W6,No Trailing Unit,Not Applicable,No,80,0,0,0,0,"Yes, Exceeded Speed Limit",0,0,0,0,Curve Left,Level,"Blacktop, Bituminous, or Asphalt",1,2,2
53,Washington,530365,1,33,1960,16,9,2015,4,21,0,2,4,4,8,0,No,3,Four-Way Intersection,None,1,3,2,0,0,0,1,1,1,No Rollover,21,Male,1,0,No (Alcohol Not Involved),No (Drugs Not Involved),0,0,0,0,35,49,9,2007,JN8AZ08W37W6,No Trailing Unit,Not Applicable,No,998,0,0,0,0,No,27,0,0,0,Straight,"Grade, Unknown Slope","Blacktop, Bituminous, or Asphalt",1,1,1
53,Washington,530365,1,33,1960,16,9,2015,4,21,0,2,4,4,8,0,No,3,Four-Way Intersection,None,1,3,2,0,0,0,1,1,1,No Rollover,21,Male,1,0,No (Alcohol Not Involved),No (Drugs Not Involved),0,0,0,0,35,49,6,2006,JN8AZ08W66W5,No Trailing Unit,Not Applicable,No,999,98,2,0,1,No,0,0,0,0,Straight,Level,"Blacktop, Bituminous, or Asphalt",1,6,1
53,Washington,530365,1,33,1960,16,9,2015,4,21,0,2,4,4,8,0,No,3,Four-Way Intersection,None,1,3,2,0,0,0,1,1,1,No Rollover,21,Male,1,0,No (Alcohol Not Involved),No (Drugs Not Involved),0,0,0,0,35,49,6,2005,JN8AZ08WX5W4,No Trailing Unit,Not Applicable,No,65,0,0,0,0,"Yes, Too Fast for Conditions",0,0,0,0,Straight,Level,"Blacktop, Bituminous, or Asphalt",2,1,1
53,Washington,530365,1,33,1960,16,9,2015,4,21,0,2,4,4,8,0,No,3,Four-Way Intersection,None,1,3,2,0,0,0,1,1,1,No Rollover,21,Male,1,0,No (Alcohol Not Involved),No (Drugs Not Involved),0,0,0,0,58,421,15,2011,JN8AZ2NE9B90,No Trailing Unit,Not Applicable,No,998,99,99,99,99,No,27,0,0,0,Curve Right,"Grade, Unknown Slope",Concrete,1,6,1
53,Washington,530365,1,33,1960,16,9,2015,4,21,0,2,4,4,8,0,No,3,Four-Way Intersection,None,1,3,2,0,0,0,1,1,1,No Rollover,21,Male,1,0,No (Alcohol Not Involved),No (Drugs Not Involved),0,0,0,0,35,401,14,2002,JN8DR09Y22W7,No Trailing Unit,Not Applicable,No,45,0,0,0,1,"Yes, Too Fast for Conditions",6,87,0,0,Curve Right,Level,"Blacktop, Bituminous, or Asphalt",10,1,1
53,Washington,530365,1,33,1960,16,9,2015,4,21,0,2,4,4,8,0,No,3,Four-Way Intersection,None,1,3,2,0,0,0,1,1,1,No Rollover,21,Male,1,0,No (Alcohol Not Involved),No (Drugs Not Involved),0,0,0,0,35,401,14,2002,JN8DR09YX2W7,No Trailing Unit,Not Applicable,No,70,0,1,0,0,"Yes, Specifics Unknown",0,0,0,0,Straight,Level,"Blacktop, Bituminous, or Asphalt",1,98,1
53,Washington,530365,1,33,1960,16,9,2015,4,21,0,2,4,4,8,0,No,3,Four-Way Intersection,None,1,3,2,0,0,0,1,1,1,No Rollover,21,Male,1,0,No (Alcohol Not Involved),No (Drugs Not Involved),0,0,0,0,35,401,14,1988,JN8HD16YXJW0,No Trailing Unit,Not Applicable,No,998,0,0,0,0,"Yes, Exceeded Speed Limit",6,89,0,0,Curve Left,Level,"Blacktop, Bituminous, or Asphalt",1,1,1
53,Washington,530365,1,33,1960,16,9,2015,4,21,0,2,4,4,8,0,No,3,Four-Way Intersection,None,1,3,2,0,0,0,1,1,1,No Rollover,21,Male,1,0,No (Alcohol Not Involved),No (Drugs Not Involved),0,0,0,0,35,401,14,1993,JN8HD17Y2PW3,No Trailing Unit,Not Applicable,No,55,2,3,1,0,"Yes, Too Fast for Conditions",0,0,0,0,Straight,Level,"Blacktop, Bituminous, or Asphalt",1,1,1
53,Washington,530365,1,33,1960,16,9,2015,4,21,0,2,4,4,8,0,No,3,Four-Way Intersection,None,1,3,2,0,0,0,1,1,1,No Rollover,21,Male,1,0,No (Alcohol Not Involved),No (Drugs Not Involved),0,0,0,0,35,401,14,1994,JN8HD17Y2RW2,No Trailing Unit,Not Applicable,No,998,0,0,0,0,Unknown,99,99,99,99,Straight,Downhill,"Blacktop, Bituminous, or Asphalt",1,24,1
53,Washington,530365,1,33,1960,16,9,2015,4,21,0,2,4,4,8,0,No,3,Four-Way Intersection,None,1,3,2,0,0,0,1,1,1,No Rollover,21,Male,1,0,No (Alcohol Not Involved),No (Drugs Not Involved),0,0,0,0,35,401,14,1995,JN8HD17Y4SW0,No Trailing Unit,Not Applicable,No,81,98,0,0,0,"Yes, Exceeded Speed Limit",36,58,0,0,Curve Right,Downhill,"Blacktop, Bituminous, or Asphalt",1,2,1
53,Washington,530365,1,33,1960,16,9,2015,4,21,0,2,4,4,8,0,No,3,Four-Way Intersection,None,1,3,2,0,0,0,1,1,1,No Rollover,21,Male,1,0,No (Alcohol Not Involved),No (Drugs Not Involved),0,0,0,0,35,401,14,1995,JN8HD17Y5SW0,No Trailing Unit,Not Applicable,No,65,0,1,0,0,"Yes, Exceeded Speed Limit",36,0,0,0,Straight,Level,"Blacktop, Bituminous, or Asphalt",1,2,2
53,Washington,530365,1,33,1960,16,9,2015,4,21,0,2,4,4,8,0,No,3,Four-Way Intersection,None,1,3,2,0,0,0,1,1,1,No Rollover,21,Male,1,0,No (Alcohol Not Involved),No (Drugs Not Involved),0,0,0,0,35,401,14,1995,JN8HD17Y7SW0,No Trailing Unit,Not Applicable,No,998,0,14,0,0,No,0,0,0,0,Straight,Level,"Blacktop, Bituminous, or Asphalt",1,6,1
53,Washington,530365,1,33,1960,16,9,2015,4,21,0,2,4,4,8,0,No,3,Four-Way Intersection,None,1,3,2,0,0,0,1,1,1,No Rollover,21,Male,1,0,No (Alcohol Not Involved),No (Drugs Not Involved),0,0,0,0,35,401,14,1991,JN8HD17YXMW0,No Trailing Unit,Not Applicable,No,50,0,0,0,0,No,48,0,0,0,Curve Right,Not Reported,"Blacktop, Bituminous, or Asphalt",1,98,1
53,Washington,530365,1,33,1960,16,9,2015,4,21,0,2,4,4,8,0,No,3,Four-Way Intersection,None,1,3,2,0,0,0,1,1,1,No Rollover,21,Male,1,0,No (Alcohol Not Involved),No (Drugs Not Involved),0,0,0,0,35,401,14,1994,JN8HD17YXRW2,No Trailing Unit,Not Applicable,No,998,98,0,0,0,No,0,0,0,0,Straight,Level,Concrete,1,6,1
53,Washington,530365,1,33,1960,16,9,2015,4,21,0,2,4,4,8,0,No,3,Four-Way Intersection,None,1,3,2,0,0,0,1,1,1,No Rollover,21,Male,1,0,No (Alcohol Not Involved),No (Drugs Not Involved),0,0,0,0,58,38,4,2006,JNKAY01E46M1,No Trailing Unit,Not Applicable,No,998,0,0,0,0,No,0,0,0,0,Straight,Level,"Blacktop, Bituminous, or Asphalt",2,1,1
53,Washington,530365,1,33,1960,16,9,2015,4,21,0,2,4,4,8,0,No,3,Four-Way Intersection,None,1,3,2,0,0,0,1,1,1,No Rollover,21,Male,1,0,No (Alcohol Not Involved),No (Drugs Not Involved),0,0,0,0,58,38,4,2008,JNKAY01F28M6,No Trailing Unit,Not Applicable,No,998,0,2,1,1,"Yes, Exceeded Speed Limit",36,0,0,0,Curve Left,Uphill,"Blacktop, Bituminous, or Asphalt",1,6,1
53,Washington,530365,1,33,1960,16,9,2015,4,21,0,2,4,4,8,0,No,3,Four-Way Intersection,None,1,3,2,0,0,0,1,1,1,No Rollover,21,Male,1,0,No (Alcohol Not Involved),No (Drugs Not Involved),0,0,0,0,58,38,4,2007,JNKAY01F87M4,No Trailing Unit,Not Applicable,No,999,0,2,0,0,No,58,0,0,0,Straight,Level,"Blacktop, Bituminous, or Asphalt",1,1,1
53,Washington,530365,1,33,1960,16,9,2015,4,21,0,2,4,4,8,0,No,3,Four-Way Intersection,None,1,3,2,0,0,0,1,1,1,No Rollover,21,Male,1,0,No (Alcohol Not Involved),No (Drugs Not Involved),0,0,0,0,58,32,4,2002,JNKBF01A22M0,No Trailing Unit,Not Applicable,No,998,0,0,1,0,No,6,58,0,0,Straight,Level,"Blacktop, Bituminous, or Asphalt",1,7,1
53,Washington,530365,1,33,1960,16,9,2015,4,21,0,2,4,4,8,0,No,3,Four-Way Intersection,None,1,3,2,0,0,0,1,1,1,No Rollover,21,Male,1,0,No (Alcohol Not Involved),No (Drugs Not Involved),0,0,0,0,58,37,4,2008,JNKBV61E58M2,No Trailing Unit,Not Applicable,No,999,0,0,0,0,"Yes, Exceeded Speed Limit",36,0,0,0,Straight,Level,"Blacktop, Bituminous, or Asphalt",1,1,1
53,Washington,530365,1,33,1960,16,9,2015,4,21,0,2,4,4,8,0,No,3,Four-Way Intersection,None,1,3,2,0,0,0,1,1,1,No Rollover,21,Male,1,0,No (Alcohol Not Involved),No (Drugs Not Involved),0,0,0,0,58,35,4,1998,JNKCA21A0WT6,No Trailing Unit,Not Applicable,No,998,1,0,0,0,Unknown,99,99,99,99,Straight,Level,"Blacktop, Bituminous, or Asphalt",1,1,1
53,Washington,530365,1,33,1960,16,9,2015,4,21,0,2,4,4,8,0,No,3,Four-Way Intersection,None,1,3,2,0,0,0,1,1,1,No Rollover,21,Male,1,0,No (Alcohol Not Involved),No (Drugs Not Involved),0,0,0,0,58,35,4,2001,JNKCA31A01T0,No Trailing Unit,Not Applicable,No,110,0,0,0,0,"Yes, Exceeded Speed Limit",36,0,0,0,Curve Right,Level,"Blacktop, Bituminous, or Asphalt",1,6,1
53,Washington,530365,1,33,1960,16,9,2015,4,21,0,2,4,4,8,0,No,3,Four-Way Intersection,None,1,3,2,0,0,0,1,1,1,No Rollover,21,Male,1,0,No (Alcohol Not Involved),No (Drugs Not Involved),0,0,0,0,58,35,4,2001,JNKCA31A81T0,No Trailing Unit,Not Applicable,No,998,1,3,0,0,No,0,0,0,0,Straight,Downhill,"Slag, Gravel or Stone",1,2,1
53,Washington,530365,1,33,1960,16,9,2015,4,21,0,2,4,4,8,0,No,3,Four-Way Intersection,None,1,3,2,0,0,0,1,1,1,No Rollover,21,Male,1,0,No (Alcohol Not Involved),No (Drugs Not Involved),0,0,0,0,58,33,4,1996,JNKCP01D1TT5,No Trailing Unit,Not Applicable,No,60,0,0,0,0,No,0,0,0,0,Straight,Level,"Blacktop, Bituminous, or Asphalt",1,7,1
53,Washington,530365,1,33,1960,16,9,2015,4,21,0,2,4,4,8,0,No,3,Four-Way Intersection,None,1,3,2,0,0,0,1,1,1,No Rollover,21,Male,1,0,No (Alcohol Not Involved),No (Drugs Not Involved),0,0,0,0,58,33,4,2002,JNKCP11A32T5,No Trailing Unit,Not Applicable,No,60,0,7,1,0,"Yes, Exceeded Speed Limit",6,91,0,0,Straight,Level,Dirt,1,2,1
53,Washington,530365,1,33,1960,16,9,2015,4,21,0,2,4,4,8,0,No,3,Four-Way Intersection,None,1,3,2,0,0,0,1,1,1,No Rollover,21,Male,1,0,No (Alcohol Not Involved),No (Drugs Not Involved),0,0,0,0,58,33,4,2002,JNKCP11A72T5,No Trailing Unit,Not Applicable,No,55,0,0,0,0,No,0,0,0,0,Curve Left,"Grade, Unknown Slope","Blacktop, Bituminous, or Asphalt",1,1,1
53,Washington,530365,1,33,1960,16,9,2015,4,21,0,2,4,4,8,0,No,3,Four-Way Intersection,None,1,3,2,0,0,0,1,1,1,No Rollover,21,Male,1,0,No (Alcohol Not Involved),No (Drugs Not Involved),0,0,0,0,58,37,4,2004,JNKCV51E24M6,No Trailing Unit,Not Applicable,No,998,0,0,0,0,No,48,0,0,0,Curve Left,Downhill,Concrete,1,1,1
53,Washington,530365,1,33,1960,16,9,2015,4,21,0,2,4,4,8,0,No,3,Four-Way Intersection,None,1,3,2,0,0,0,1,1,1,No Rollover,21,Male,1,0,No (Alcohol Not Involved),No (Drugs Not Involved),0,0,0,0,58,37,4,2003,JNKCV51E43M0,No Trailing Unit,Not Applicable,No,999,0,0,0,3,"Yes, Too Fast for Conditions",48,0,0,0,Straight,Level,"Blacktop, Bituminous, or Asphalt",1,6,1
53,Washington,530365,1,33,1960,16,9,2015,4,21,0,2,4,4,8,0,No,3,Four-Way Intersection,None,1,3,2,0,0,0,1,1,1,No Rollover,21,Male,1,0,No (Alcohol Not Involved),No (Drugs Not Involved),0,0,0,0,58,37,2,2004,JNKCV54E34M3,No Trailing Unit,Not Applicable,No,80,0,0,0,0,No,0,0,0,0,Straight,Level,Not Reported,1,6,1
53,Washington,530365,1,33,1960,16,9,2015,4,21,0,2,4,4,8,0,No,3,Four-Way Intersection,None,1,3,2,0,0,0,1,1,1,No Rollover,21,Male,1,0,No (Alcohol Not Involved),No (Drugs Not Involved),0,0,0,0,58,37,2,2004,JNKCV54E54M8,No Trailing Unit,Not Applicable,No,70,0,0,0,0,No,6,0,0,0,Curve Right,Level,Not Reported,2,1,1
53,Washington,530365,1,33,1960,16,9,2015,4,21,0,2,4,4,8,0,No,3,Four-Way Intersection,None,1,3,2,0,0,0,1,1,1,No Rollover,21,Male,1,0,No (Alcohol Not Involved),No (Drugs Not Involved),0,0,0,0,58,37,2,2005,JNKCV54E75M4,No Trailing Unit,Not Applicable,No,998,0,0,0,0,No,6,0,0,0,Curve Left,Uphill,"Blacktop, Bituminous, or Asphalt",1,1,1
53,Washington,530365,1,33,1960,16,9,2015,4,21,0,2,4,4,8,0,No,3,Four-Way Intersection,None,1,3,2,0,0,0,1,1,1,No Rollover,21,Male,1,0,No (Alcohol Not Involved),No (Drugs Not Involved),0,0,0,0,58,37,2,2003,JNKCV54E93M2,No Trailing Unit,Not Applicable,No,998,0,1,0,2,"Yes, Exceeded Speed Limit",0,0,0,0,Straight,Not Reported,"Blacktop, Bituminous, or Asphalt",1,1,1
53,Washington,530365,1,33,1960,16,9,2015,4,21,0,2,4,4,8,0,No,3,Four-Way Intersection,None,1,3,2,0,0,0,1,1,1,No Rollover,21,Male,1,0,No (Alcohol Not Involved),No (Drugs Not Involved),0,0,0,0,58,37,2,2008,JNKCV64E28M1,No Trailing Unit,Not Applicable,No,90,0,1,0,0,"Yes, Exceeded Speed Limit",6,0,0,0,Curve Left,"Grade, Unknown Slope",Concrete,1,3,1
53,Washington,530365,1,33,1960,16,9,2015,4,21,0,2,4,4,8,0,No,3,Four-Way Intersection,None,1,3,2,0,0,0,1,1,1,No Rollover,21,Male,1,0,No (Alcohol Not Involved),No (Drugs Not Involved),0,0,0,0,58,37,2,2009,JNKCV64E49M6,No Trailing Unit,Not Applicable,No,998,0,0,0,1,Unknown,24,0,0,0,Straight,Level,Concrete,1,2,1
53,Washington,530365,1,33,1960,16,9,2015,4,21,0,2,4,4,8,0,No,3,Four-Way Intersection,None,1,3,2,0,0,0,1,1,1,No Rollover,21,Male,1,0,No (Alcohol Not Involved),No (Drugs Not Involved),0,0,0,0,53,704,80,2003,JS1CK43A9321,No Trailing Unit,Not Applicable,No,998,0,0,0,0,"Yes, Exceeded Speed Limit",0,0,0,0,Curve Right,Level,"Blacktop, Bituminous, or Asphalt",1,7,1
53,Washington,530365,1,33,1960,16,9,2015,4,21,0,2,4,4,8,0,No,3,Four-Way Intersection,None,1,3,2,0,0,0,1,1,1,No Rollover,21,Male,1,0,No (Alcohol Not Involved),No (Drugs Not Involved),0,0,0,0,53,705,80,2006,JS1GN79A9621,No Trailing Unit,Not Applicable,No,998,0,0,0,0,"Yes, Exceeded Speed Limit",0,0,0,0,Curve Left,Level,Not Reported,1,1,1
53,Washington,530365,1,33,1960,16,9,2015,4,21,0,2,4,4,8,0,No,3,Four-Way Intersection,None,1,3,2,0,0,0,1,1,1,No Rollover,21,Male,1,0,No (Alcohol Not Involved),No (Drugs Not Involved),0,0,0,0,53,705,80,2001,JS1GN7BA2121,No Trailing Unit,Not Applicable,No,65,0,1,0,4,No,6,0,0,0,Straight,Level,Not Reported,1,6,1
53,Washington,530365,1,33,1960,16,9,2015,4,21,0,2,4,4,8,0,No,3,Four-Way Intersection,None,1,3,2,0,0,0,1,1,1,No Rollover,21,Male,1,0,No (Alcohol Not Involved),No (Drugs Not Involved),0,0,0,0,53,705,80,2002,JS1GN7BA2221,No Trailing Unit,Not Applicable,No,60,0,0,0,0,"Yes, Too Fast for Conditions",36,0,0,0,Curve Left,"Grade, Unknown Slope","Blacktop, Bituminous, or Asphalt",2,1,1
53,Washington,530365,1,33,1960,16,9,2015,4,21,0,2,4,4,8,0,No,3,Four-Way Intersection,None,1,3,2,0,0,0,1,1,1,No Rollover,21,Male,1,0,No (Alcohol Not Involved),No (Drugs Not Involved),0,0,0,0,53,705,80,2007,JS1GN7DA1721,No Trailing Unit,Not Applicable,No,998,1,0,0,0,No,0,0,0,0,Curve Left,Level,Not Reported,1,98,1
53,Washington,530365,1,33,1960,16,9,2015,4,21,0,2,4,4,8,0,No,3,Four-Way Intersection,None,1,3,2,0,0,0,1,1,1,No Rollover,21,Male,1,0,No (Alcohol Not Involved),No (Drugs Not Involved),0,0,0,0,53,705,80,2006,JS1GN7DA2621,No Trailing Unit,Not Applicable,No,999,0,0,0,0,"Yes, Too Fast for Conditions",74,0,0,0,Straight,Uphill,"Blacktop, Bituminous, or Asphalt",1,7,1
53,Washington,530365,1,33,1960,16,9,2015,4,21,0,2,4,4,8,0,No,3,Four-Way Intersection,None,1,3,2,0,0,0,1,1,1,No Rollover,21,Male,1,0,No (Alcohol Not Involved),No (Drugs Not Involved),0,0,0,0,53,706,80,2006,JS1GN7DA4621,No Trailing Unit,Not Applicable,No,998,0,1,0,0,No,74,0,0,0,Curve Right,Level,"Blacktop, Bituminous, or Asphalt",8,98,1
53,Washington,530365,1,33,1960,16,9,2015,4,21,0,2,4,4,8,0,No,3,Four-Way Intersection,None,1,3,2,0,0,0,1,1,1,No Rollover,21,Male,1,0,No (Alcohol Not Involved),No (Drugs Not Involved),0,0,0,0,53,705,80,2007,JS1GN7DA4721,No Trailing Unit,Not Applicable,No,998,0,0,0,0,No,48,0,0,0,Not Reported,Level,Concrete,1,98,1
53,Washington,530365,1,33,1960,16,9,2015,4,21,0,2,4,4,8,0,No,3,Four-Way Intersection,None,1,3,2,0,0,0,1,1,1,No Rollover,21,Male,1,0,No (Alcohol Not Involved),No (Drugs Not Involved),0,0,0,0,53,705,80,2007,JS1GN7DA5721,No Trailing Unit,Not Applicable,No,30,0,0,0,0,No,6,0,0,0,Straight,Level,Not Reported,1,98,1
53,Washington,530365,1,33,1960,16,9,2015,4,21,0,2,4,4,8,0,No,3,Four-Way Intersection,None,1,3,2,0,0,0,1,1,1,No Rollover,21,Male,1,0,No (Alcohol Not Involved),No (Drugs Not Involved),0,0,0,0,53,705,80,2007,JS1GN7DA8721,No Trailing Unit,Not Applicable,No,998,0,0,0,1,Unknown,89,0,0,0,Straight,Level,"Blacktop, Bituminous, or Asphalt",1,98,1
53,Washington,530365,1,33,1960,16,9,2015,4,21,0,2,4,4,8,0,No,3,Four-Way Intersection,None,1,3,2,0,0,0,1,1,1,No Rollover,21,Male,1,0,No (Alcohol Not Involved),No (Drugs Not Involved),0,0,0,0,53,705,80,2007,JS1GN7DA9721,No Trailing Unit,Not Applicable,No,100,0,0,0,0,"Yes, Too Fast for Conditions",0,0,0,0,Straight,Level,Concrete,1,98,1
53,Washington,530365,1,33,1960,16,9,2015,4,21,0,2,4,4,8,0,No,3,Four-Way Intersection,None,1,3,2,0,0,0,1,1,1,No Rollover,21,Male,1,0,No (Alcohol Not Involved),No (Drugs Not Involved),0,0,0,0,53,705,80,2007,JS1GN7DAX721,No Trailing Unit,Not Applicable,No,998,0,0,0,0,No,0,0,0,0,Curve Right,Uphill,"Blacktop, Bituminous, or Asphalt",1,98,1
53,Washington,530365,1,33,1960,16,9,2015,4,21,0,2,4,4,8,0,No,3,Four-Way Intersection,None,1,3,2,0,0,0,1,1,1,No Rollover,21,Male,1,0,No (Alcohol Not Involved),No (Drugs Not Involved),0,0,0,0,53,705,80,2012,JS1GN7FA6C21,No Trailing Unit,Not Applicable,No,120,0,0,0,1,"Yes, Exceeded Speed Limit",0,0,0,0,Curve Left,Level,"Blacktop, Bituminous, or Asphalt",1,98,1
53,Washington,530365,1,33,1960,16,9,2015,4,21,0,2,4,4,8,0,No,3,Four-Way Intersection,None,1,3,2,0,0,0,1,1,1,No Rollover,21,Male,1,0,No (Alcohol Not Involved),No (Drugs Not Involved),0,0,0,0,53,704,80,1981,JS1GP71GXB21,No Trailing Unit,Not Applicable,No,998,0,0,0,0,No,26,0,0,0,Straight,Level,"Blacktop, Bituminous, or Asphalt",1,48,1
53,Washington,530365,1,33,1960,16,9,2015,4,21,0,2,4,4,8,0,No,3,Four-Way Intersection,None,1,3,2,0,0,0,1,1,1,No Rollover,21,Male,1,0,No (Alcohol Not Involved),No (Drugs Not Involved),0,0,0,0,53,706,80,2003,JS1GR7GA1321,No Trailing Unit,Not Applicable,No,998,2,0,0,0,"Yes, Too Fast for Conditions",0,0,0,0,Straight,Level,Not Reported,1,7,1