state_number,state_name,consecutive_number,number_of_forms_submitted_for_persons_not_in_motor_vehicles,county,city,day_of_crash,month_of_crash,year_of_crash,day_of_week,hour_of_crash,national_highway_system,land_use,functional_system,route_signing,first_harmful_event,manner_of_collision,relation_to_junction_within_interchange_area,relation_to_junction_specific_location,type_of_intersection,work_zone,relation_to_trafficway,light_condition,atmospheric_conditions,related_factors_crash_level_1,related_factors_crash_level_2,related_factors_crash_level_3,number_of_fatalities,vehicle_number,person_number,rollover,age,sex,person_type,injury_severity,police_reported_alcohol_involvement,police_reported_drug_involvement,related_factors_person_level1,related_factors_person_level2,related_factors_person_level3,race,vehicle_make,vehicle_model,body_type,vehicle_model_year,vehicle_identification_number_vin,vehicle_trailing,gross_vehicle_weight_rating,hazardous_material_involvement,travel_speed,previous_recorded_crashes,previous_recorded_suspensions_and_revocations,previous_dwi_convictions,previous_speeding_convictions,speeding_related,related_factors_driver_level_1,related_factors_driver_level_2,related_factors_driver_level_3,related_factors_driver_level_4,roadway_alignment,roadway_grade,roadway_surface_type,roadway_surface_condition,crash_type,fatalities_in_vehicle
53,Washington,530365,1,33,1960,16,9,2015,4,21,0,2,4,4,8,0,No,3,Four-Way Intersection,None,1,3,2,0,0,0,1,1,1,No Rollover,21,Male,1,0,No (Alcohol Not Involved),No (Drugs Not Involved),0,0,0,0,55,35,4,2010,KMHDU4AD6AU8,No Trailing Unit,Not Applicable,No,999,0,10,0,0,"Yes, Specifics Unknown",74,0,0,0,Straight,Level,"Blacktop, Bituminous, or Asphalt",1,1,1
53,Washington,530365,1,33,1960,16,9,2015,4,21,0,2,4,4,8,0,No,3,Four-Way Intersection,None,1,3,2,0,0,0,1,1,1,No Rollover,21,Male,1,0,No (Alcohol Not Involved),No (Drugs Not Involved),0,0,0,0,55,33,4,2012,KMHEC4A41CA0,No Trailing Unit,Not Applicable,No,999,0,0,0,0,Unknown,99,99,99,99,Curve Right,Level,"Blacktop, Bituminous, or Asphalt",99,6,1
53,Washington,530365,1,33,1960,16,9,2015,4,21,0,2,4,4,8,0,No,3,Four-Way Intersection,None,1,3,2,0,0,0,1,1,1,No Rollover,21,Male,1,0,No (Alcohol Not Involved),No (Drugs Not Involved),0,0,0,0,55,33,4,2013,KMHEC4A44DA0,No Trailing Unit,Not Applicable,No,65,0,0,0,0,No,48,0,0,0,Straight,Not Reported,Not Reported,1,1,1
53,Washington,530365,1,33,1960,16,9,2015,4,21,0,2,4,4,8,0,No,3,Four-Way Intersection,None,1,3,2,0,0,0,1,1,1,No Rollover,21,Male,1,0,No (Alcohol Not Involved),No (Drugs Not Involved),0,0,0,0,55,39,4,2007,KMHFC46F17A1,No Trailing Unit,Not Applicable,No,998,0,0,0,0,No,0,0,0,0,Not Reported,Not Reported,Not Reported,98,6,1
53,Washington,530365,1,33,1960,16,9,2015,4,21,0,2,4,4,8,0,No,3,Four-Way Intersection,None,1,3,2,0,0,0,1,1,1,No Rollover,21,Male,1,0,No (Alcohol Not Involved),No (Drugs Not Involved),0,0,0,0,55,38,4,2005,KMHFU45E05A3,No Trailing Unit,Not Applicable,No,55,0,0,0,0,No,0,0,0,0,Straight,Level,"Blacktop, Bituminous, or Asphalt",2,1,1
53,Washington,530365,1,33,1960,16,9,2015,4,21,0,2,4,4,8,0,No,3,Four-Way Intersection,None,1,3,2,0,0,0,1,1,1,No Rollover,21,Male,1,0,No (Alcohol Not Involved),No (Drugs Not Involved),0,0,0,0,55,37,2,2005,KMHHN65F35U1,No Trailing Unit,Not Applicable,No,45,0,0,0,0,"Yes, Too Fast for Conditions",87,0,0,0,Straight,Level,"Blacktop, Bituminous, or Asphalt",2,5,1
53,Washington,530365,1,33,1960,16,9,2015,4,21,0,2,4,4,8,0,No,3,Four-Way Intersection,None,1,3,2,0,0,0,1,1,1,No Rollover,21,Male,1,0,No (Alcohol Not Involved),No (Drugs Not Involved),0,0,0,0,55,37,2,2003,KMHHN65F63U0,No Trailing Unit,Not Applicable,No,80,0,0,0,0,"Yes, Too Fast for Conditions",0,0,0,0,Curve Left,Level,"Blacktop, Bituminous, or Asphalt",1,6,1
53,Washington,530365,1,33,1960,16,9,2015,4,21,0,2,4,4,8,0,No,3,Four-Way Intersection,None,1,3,2,0,0,0,1,1,1,No Rollover,21,Male,1,0,No (Alcohol Not Involved),No (Drugs Not Involved),0,0,0,0,55,37,2,2008,KMHHN66F78U2,No Trailing Unit,Not Applicable,No,998,0,0,0,0,"Yes, Too Fast for Conditions",28,0,0,0,Curve Right,Level,"Blacktop, Bituminous, or Asphalt",1,7,1
53,Washington,530365,1,33,1960,16,9,2015,4,21,0,2,4,4,8,0,No,3,Four-Way Intersection,None,1,3,2,0,0,0,1,1,1,No Rollover,21,Male,1,0,No (Alcohol Not Involved),No (Drugs Not Involved),0,0,0,0,55,42,3,2012,KMHTC6AD6CU0,No Trailing Unit,Not Applicable,No,998,0,0,0,0,No,83,0,0,0,Straight,Level,"Blacktop, Bituminous, or Asphalt",1,13,1
53,Washington,530365,1,33,1960,16,9,2015,4,21,0,2,4,4,8,0,No,3,Four-Way Intersection,None,1,3,2,0,0,0,1,1,1,No Rollover,21,Male,1,0,No (Alcohol Not Involved),No (Drugs Not Involved),0,0,0,0,55,32,3,1994,KMHVD12J7RU2,No Trailing Unit,Not Applicable,No,998,98,0,0,0,Unknown,58,0,0,0,Straight,Level,"Blacktop, Bituminous, or Asphalt",1,7,1
53,Washington,530365,1,33,1960,16,9,2015,4,21,0,2,4,4,8,0,No,3,Four-Way Intersection,None,1,3,2,0,0,0,1,1,1,No Rollover,21,Male,1,0,No (Alcohol Not Involved),No (Drugs Not Involved),0,0,0,0,55,36,5,1999,KMHVD14N6XU4,No Trailing Unit,Not Applicable,No,998,0,0,0,0,"Yes, Specifics Unknown",0,0,0,0,Straight,Downhill,"Blacktop, Bituminous, or Asphalt",1,1,1
53,Washington,530365,1,33,1960,16,9,2015,4,21,0,2,4,4,8,0,No,3,Four-Way Intersection,None,1,3,2,0,0,0,1,1,1,No Rollover,21,Male,1,0,No (Alcohol Not Involved),No (Drugs Not Involved),0,0,0,0,55,33,4,2003,KMHWF25H63A8,No Trailing Unit,Not Applicable,No,80,0,0,0,0,No,58,0,0,0,Curve Right,"Grade, Unknown Slope","Blacktop, Bituminous, or Asphalt",1,98,1
53,Washington,530365,1,33,1960,16,9,2015,4,21,0,2,4,4,8,0,No,3,Four-Way Intersection,None,1,3,2,0,0,0,1,1,1,No Rollover,21,Male,1,0,No (Alcohol Not Involved),No (Drugs Not Involved),0,0,0,0,55,33,4,2001,KMHWF25S31A4,No Trailing Unit,Not Applicable,No,75,0,0,0,0,No,52,0,0,0,Curve Right,Uphill,"Blacktop, Bituminous, or Asphalt",1,6,1
53,Washington,530365,1,33,1960,16,9,2015,4,21,0,2,4,4,8,0,No,3,Four-Way Intersection,None,1,3,2,0,0,0,1,1,1,No Rollover,21,Male,1,0,No (Alcohol Not Involved),No (Drugs Not Involved),0,0,0,0,55,33,4,2004,KMHWF35H94A9,No Trailing Unit,Not Applicable,No,998,98,0,0,0,"Yes, Specifics Unknown",8,36,73,0,Curve Right,Uphill,"Blacktop, Bituminous, or Asphalt",1,6,1
53,Washington,530365,1,33,1960,16,9,2015,4,21,0,2,4,4,8,0,No,3,Four-Way Intersection,None,1,3,2,0,0,0,1,1,1,No Rollover,21,Male,1,0,No (Alcohol Not Involved),No (Drugs Not Involved),0,0,0,0,63,32,4,2006,KNADE1231661,No Trailing Unit,Not Applicable,No,70,98,0,0,0,Unknown,28,0,0,0,Straight,Level,"Blacktop, Bituminous, or Asphalt",1,46,1
53,Washington,530365,1,33,1960,16,9,2015,4,21,0,2,4,4,8,0,No,3,Four-Way Intersection,None,1,3,2,0,0,0,1,1,1,No Rollover,21,Male,1,0,No (Alcohol Not Involved),No (Drugs Not Involved),0,0,0,0,63,32,4,2008,KNADE1231863,No Trailing Unit,Not Applicable,No,0,0,0,0,0,No,54,0,0,0,Straight,Level,"Blacktop, Bituminous, or Asphalt",2,48,1
53,Washington,530365,1,33,1960,16,9,2015,4,21,0,2,4,4,8,0,No,3,Four-Way Intersection,None,1,3,2,0,0,0,1,1,1,No Rollover,21,Male,1,0,No (Alcohol Not Involved),No (Drugs Not Involved),0,0,0,0,63,32,4,2009,KNADE2238965,No Trailing Unit,Not Applicable,No,998,1,3,0,0,No,0,0,0,0,Straight,Level,"Blacktop, Bituminous, or Asphalt",1,6,1
53,Washington,530365,1,33,1960,16,9,2015,4,21,0,2,4,4,8,0,No,3,Four-Way Intersection,None,1,3,2,0,0,0,1,1,1,No Rollover,21,Male,1,0,No (Alcohol Not Involved),No (Drugs Not Involved),0,0,0,0,63,32,4,2013,KNADM4A38D62,No Trailing Unit,Not Applicable,No,998,0,2,1,1,No,35,58,0,0,Straight,Level,Not Reported,1,2,1
53,Washington,530365,1,33,1960,16,9,2015,4,21,0,2,4,4,8,0,No,3,Four-Way Intersection,None,1,3,2,0,0,0,1,1,1,No Rollover,21,Male,1,0,No (Alcohol Not Involved),No (Drugs Not Involved),0,0,0,0,63,32,4,2012,KNADM5A31C60,No Trailing Unit,Not Applicable,No,998,0,0,0,0,No,6,36,73,0,Straight,Level,"Blacktop, Bituminous, or Asphalt",2,6,1
53,Washington,530365,1,33,1960,16,9,2015,4,21,0,2,4,4,8,0,No,3,Four-Way Intersection,None,1,3,2,0,0,0,1,1,1,No Rollover,21,Male,1,0,No (Alcohol Not Involved),No (Drugs Not Involved),0,0,0,0,63,32,5,2014,KNADN5A31E63,No Trailing Unit,Not Applicable,No,999,0,0,0,0,No,48,0,0,0,Curve Left,Downhill,"Blacktop, Bituminous, or Asphalt",1,1,1
53,Washington,530365,1,33,1960,16,9,2015,4,21,0,2,4,4,8,0,No,3,Four-Way Intersection,None,1,3,2,0,0,0,1,1,1,No Rollover,21,Male,1,0,No (Alcohol Not Involved),No (Drugs Not Involved),0,0,0,0,63,33,4,2002,KNAFB1210251,No Trailing Unit,Not Applicable,No,97,0,1,1,0,"Yes, Too Fast for Conditions",6,36,0,0,Straight,Level,"Blacktop, Bituminous, or Asphalt",1,7,1
53,Washington,530365,1,33,1960,16,9,2015,4,21,0,2,4,4,8,0,No,3,Four-Way Intersection,None,1,3,2,0,0,0,1,1,1,No Rollover,21,Male,1,0,No (Alcohol Not Involved),No (Drugs Not Involved),0,0,0,0,63,33,4,2005,KNAFE1210552,No Trailing Unit,Not Applicable,No,45,0,0,0,0,"Yes, Too Fast for Conditions",28,0,0,0,Curve Right,Level,"Blacktop, Bituminous, or Asphalt",2,6,1
53,Washington,530365,1,33,1960,16,9,2015,4,21,0,2,4,4,8,0,No,3,Four-Way Intersection,None,1,3,2,0,0,0,1,1,1,No Rollover,21,Male,1,0,No (Alcohol Not Involved),No (Drugs Not Involved),0,0,0,0,63,33,4,2006,KNAFE1210652,No Trailing Unit,Not Applicable,No,998,1,0,0,0,"Yes, Exceeded Speed Limit",28,0,0,0,Straight,Level,"Blacktop, Bituminous, or Asphalt",1,6,1
53,Washington,530365,1,33,1960,16,9,2015,4,21,0,2,4,4,8,0,No,3,Four-Way Intersection,None,1,3,2,0,0,0,1,1,1,No Rollover,21,Male,1,0,No (Alcohol Not Involved),No (Drugs Not Involved),0,0,0,0,63,33,4,2007,KNAFE1212754,No Trailing Unit,Not Applicable,No,55,0,0,0,2,"Yes, Exceeded Speed Limit",0,0,0,0,Straight,Level,"Blacktop, Bituminous, or Asphalt",1,5,1
53,Washington,530365,1,33,1960,16,9,2015,4,21,0,2,4,4,8,0,No,3,Four-Way Intersection,None,1,3,2,0,0,0,1,1,1,No Rollover,21,Male,1,0,No (Alcohol Not Involved),No (Drugs Not Involved),0,0,0,0,63,33,4,2007,KNAFE1213754,No Trailing Unit,Not Applicable,No,42,0,0,0,0,No,0,0,0,0,Straight,Downhill,"Blacktop, Bituminous, or Asphalt",1,6,1
53,Washington,530365,1,33,1960,16,9,2015,4,21,0,2,4,4,8,0,No,3,Four-Way Intersection,None,1,3,2,0,0,0,1,1,1,No Rollover,21,Male,1,0,No (Alcohol Not Involved),No (Drugs Not Involved),0,0,0,0,63,33,4,2004,KNAFE1214450,No Trailing Unit,Not Applicable,No,998,0,0,0,0,Unknown,99,99,99,99,Curve – Unknown Direction,"Grade, Unknown Slope","Blacktop, Bituminous, or Asphalt",1,1,1
53,Washington,530365,1,33,1960,16,9,2015,4,21,0,2,4,4,8,0,No,3,Four-Way Intersection,None,1,3,2,0,0,0,1,1,1,No Rollover,21,Male,1,0,No (Alcohol Not Involved),No (Drugs Not Involved),0,0,0,0,63,33,4,2009,KNAFE2216956,No Trailing Unit,Not Applicable,No,999,0,0,0,0,Unknown,99,99,99,99,Straight,Level,"Blacktop, Bituminous, or Asphalt",1,2,1
53,Washington,530365,1,33,1960,16,9,2015,4,21,0,2,4,4,8,0,No,3,Four-Way Intersection,None,1,3,2,0,0,0,1,1,1,No Rollover,21,Male,1,0,No (Alcohol Not Involved),No (Drugs Not Involved),0,0,0,0,63,36,6,2009,KNAFG5299972,No Trailing Unit,Not Applicable,No,998,98,0,0,0,No,58,0,0,0,Straight,Level,"Blacktop, Bituminous, or Asphalt",1,98,1
53,Washington,530365,1,33,1960,16,9,2015,4,21,0,2,4,4,8,0,No,3,Four-Way Intersection,None,1,3,2,0,0,0,1,1,1,No Rollover,21,Male,1,0,No (Alcohol Not Involved),No (Drugs Not Involved),0,0,0,0,63,38,4,2013,KNAFT4A2XD56,No Trailing Unit,Not Applicable,No,999,0,1,0,0,No,0,0,0,0,Curve Right,Uphill,"Blacktop, Bituminous, or Asphalt",1,6,1
53,Washington,530365,1,33,1960,16,9,2015,4,21,0,2,4,4,8,0,No,3,Four-Way Intersection,None,1,3,2,0,0,0,1,1,1,No Rollover,21,Male,1,0,No (Alcohol Not Involved),No (Drugs Not Involved),0,0,0,0,63,38,4,2015,KNAFX4A66F53,No Trailing Unit,Not Applicable,No,35,1,1,0,0,No,24,48,0,0,Curve Right,Not Reported,"Blacktop, Bituminous, or Asphalt",1,7,1
53,Washington,530365,1,33,1960,16,9,2015,4,21,0,2,4,4,8,0,No,3,Four-Way Intersection,None,1,3,2,0,0,0,1,1,1,No Rollover,21,Male,1,0,No (Alcohol Not Involved),No (Drugs Not Involved),0,0,0,0,63,34,4,2002,KNAGD1261251,No Trailing Unit,Not Applicable,No,25,0,0,0,0,"Yes, Too Fast for Conditions",91,0,0,0,Straight,Level,"Blacktop, Bituminous, or Asphalt",1,6,1
53,Washington,530365,1,33,1960,16,9,2015,4,21,0,2,4,4,8,0,No,3,Four-Way Intersection,None,1,3,2,0,0,0,1,1,1,No Rollover,21,Male,1,0,No (Alcohol Not Involved),No (Drugs Not Involved),0,0,0,0,63,34,4,2003,KNAGD1283352,No Trailing Unit,Not Applicable,No,998,0,18,1,0,"Yes, Exceeded Speed Limit",36,37,0,0,Curve Right,Not Reported,"Blacktop, Bituminous, or Asphalt",1,7,1
53,Washington,530365,1,33,1960,16,9,2015,4,21,0,2,4,4,8,0,No,3,Four-Way Intersection,None,1,3,2,0,0,0,1,1,1,No Rollover,21,Male,1,0,No (Alcohol Not Involved),No (Drugs Not Involved),0,0,0,0,63,34,4,2006,KNAGE1244650,No Trailing Unit,Not Applicable,No,75,1,0,0,0,"Yes, Too Fast for Conditions",58,0,0,0,Straight,Level,"Blacktop, Bituminous, or Asphalt",2,1,1
53,Washington,530365,1,33,1960,16,9,2015,4,21,0,2,4,4,8,0,No,3,Four-Way Intersection,None,1,3,2,0,0,0,1,1,1,No Rollover,21,Male,1,0,No (Alcohol Not Involved),No (Drugs Not Involved),0,0,0,0,63,34,4,2011,KNAGM4A73B51,No Trailing Unit,Not Applicable,No,998,0,0,0,1,No,0,0,0,0,Straight,Not Reported,Concrete,1,6,1
53,Washington,530365,1,33,1960,16,9,2015,4,21,0,2,4,4,8,0,No,3,Four-Way Intersection,None,1,3,2,0,0,0,1,1,1,No Rollover,21,Male,1,0,No (Alcohol Not Involved),No (Drugs Not Involved),0,0,0,0,63,34,4,2011,KNAGM4A76B51,No Trailing Unit,Not Applicable,No,999,0,0,0,0,No,0,0,0,0,Straight,Level,"Blacktop, Bituminous, or Asphalt",2,1,1
53,Washington,530365,1,33,1960,16,9,2015,4,21,0,2,4,4,8,0,No,3,Four-Way Intersection,None,1,3,2,0,0,0,1,1,1,No Rollover,21,Male,1,0,No (Alcohol Not Involved),No (Drugs Not Involved),0,0,0,0,63,35,4,2004,KNALD1245450,No Trailing Unit,Not Applicable,No,998,3,0,0,2,"Yes, Too Fast for Conditions",58,0,0,0,Straight,Hillcrest,"Blacktop, Bituminous, or Asphalt",1,2,1
53,Washington,530365,1,33,1960,16,9,2015,4,21,0,2,4,4,8,0,No,3,Four-Way Intersection,None,1,3,2,0,0,0,1,1,1,No Rollover,21,Male,1,0,No (Alcohol Not Involved),No (Drugs Not Involved),0,0,0,0,63,401,14,2000,KNDJA7234Y56,No Trailing Unit,Not Applicable,No,998,4,0,0,0,No,0,0,0,0,Straight,Level,"Blacktop, Bituminous, or Asphalt",1,98,1
53,Washington,530365,1,33,1960,16,9,2015,4,21,0,2,4,4,8,0,No,3,Four-Way Intersection,None,1,3,2,0,0,0,1,1,1,No Rollover,21,Male,1,0,No (Alcohol Not Involved),No (Drugs Not Involved),0,0,0,0,63,401,14,2001,KNDJA7235150,No Trailing Unit,Not Applicable,No,998,1,1,0,0,No,58,0,0,0,Straight,Level,"Blacktop, Bituminous, or Asphalt",1,2,1
53,Washington,530365,1,33,1960,16,9,2015,4,21,0,2,4,4,8,0,No,3,Four-Way Intersection,None,1,3,2,0,0,0,1,1,1,No Rollover,21,Male,1,0,No (Alcohol Not Involved),No (Drugs Not Involved),0,0,0,0,63,401,14,1998,KNDJA7236W55,No Trailing Unit,Not Applicable,No,998,0,0,0,0,No,0,0,0,0,Curve Right,Level,"Blacktop, Bituminous, or Asphalt",3,6,1
53,Washington,530365,1,33,1960,16,9,2015,4,21,0,2,4,4,8,0,No,3,Four-Way Intersection,None,1,3,2,0,0,0,1,1,1,No Rollover,21,Male,1,0,No (Alcohol Not Involved),No (Drugs Not Involved),0,0,0,0,63,402,14,2005,KNDJC7338553,No Trailing Unit,Not Applicable,No,70,1,12,1,1,No,0,0,0,0,Straight,Level,Not Reported,1,45,2
53,Washington,530365,1,33,1960,16,9,2015,4,21,0,2,4,4,8,0,No,3,Four-Way Intersection,None,1,3,2,0,0,0,1,1,1,No Rollover,21,Male,1,0,No (Alcohol Not Involved),No (Drugs Not Involved),0,0,0,0,63,402,14,2003,KNDJC7339350,No Trailing Unit,Not Applicable,No,73,1,0,0,4,No,0,0,0,0,Straight,Level,"Blacktop, Bituminous, or Asphalt",1,2,1
53,Washington,530365,1,33,1960,16,9,2015,4,21,0,2,4,4,8,0,No,3,Four-Way Intersection,None,1,3,2,0,0,0,1,1,1,No Rollover,21,Male,1,0,No (Alcohol Not Involved),No (Drugs Not Involved),0,0,0,0,63,402,14,2005,KNDJD7330553,No Trailing Unit,Not Applicable,No,65,0,0,0,0,No,6,0,0,0,Straight,Level,Not Reported,1,98,1
53,Washington,530365,1,33,1960,16,9,2015,4,21,0,2,4,4,8,0,No,3,Four-Way Intersection,None,1,3,2,0,0,0,1,1,1,No Rollover,21,Male,1,0,No (Alcohol Not Involved),No (Drugs Not Involved),0,0,0,0,63,402,14,2003,KNDJD7335351,No Trailing Unit,Not Applicable,No,999,1,0,0,0,No,58,0,0,0,Straight,Level,"Blacktop, Bituminous, or Asphalt",1,1,1
53,Washington,530365,1,33,1960,16,9,2015,4,21,0,2,4,4,8,0,No,3,Four-Way Intersection,None,1,3,2,0,0,0,1,1,1,No Rollover,21,Male,1,0,No (Alcohol Not Involved),No (Drugs Not Involved),0,0,0,0,63,402,14,2006,KNDJD7337655,No Trailing Unit,Not Applicable,No,998,98,0,0,0,No,0,0,0,0,Straight,Level,"Blacktop, Bituminous, or Asphalt",2,6,1
53,Washington,530365,1,33,1960,16,9,2015,4,21,0,2,4,4,8,0,No,3,Four-Way Intersection,None,1,3,2,0,0,0,1,1,1,No Rollover,21,Male,1,0,No (Alcohol Not Involved),No (Drugs Not Involved),0,0,0,0,63,402,14,2007,KNDJD7361756,No Trailing Unit,Not Applicable,No,998,98,1,0,1,No,6,36,0,0,Straight,Not Reported,Not Reported,1,7,1
53,Washington,530365,1,33,1960,16,9,2015,4,21,0,2,4,4,8,0,No,3,Four-Way Intersection,None,1,3,2,0,0,0,1,1,1,No Rollover,21,Male,1,0,No (Alcohol Not Involved),No (Drugs Not Involved),0,0,0,0,63,401,14,2005,KNDJE7237570,No Trailing Unit,Not Applicable,No,998,1,0,0,0,"Yes, Exceeded Speed Limit",0,0,0,0,Straight,Level,"Blacktop, Bituminous, or Asphalt",1,1,1
53,Washington,530365,1,33,1960,16,9,2015,4,21,0,2,4,4,8,0,No,3,Four-Way Intersection,None,1,3,2,0,0,0,1,1,1,No Rollover,21,Male,1,0,No (Alcohol Not Involved),No (Drugs Not Involved),0,0,0,0,63,37,6,2015,KNDJN2A25F71,No Trailing Unit,Not Applicable,No,998,98,1,0,0,No,6,58,74,0,Straight,Level,"Blacktop, Bituminous, or Asphalt",1,6,1
53,Washington,530365,1,33,1960,16,9,2015,4,21,0,2,4,4,8,0,No,3,Four-Way Intersection,None,1,3,2,0,0,0,1,1,1,No Rollover,21,Male,1,0,No (Alcohol Not Involved),No (Drugs Not Involved),0,0,0,0,63,37,6,2015,KNDJN2A25F71,No Trailing Unit,Not Applicable,No,70,0,0,0,0,"Yes, Exceeded Speed Limit",36,0,0,0,Curve – Unknown Direction,Hillcrest,"Blacktop, Bituminous, or Asphalt",1,6,1
53,Washington,530365,1,33,1960,16,9,2015,4,21,0,2,4,4,8,0,No,3,Four-Way Intersection,None,1,3,2,0,0,0,1,1,1,No Rollover,21,Male,1,0,No (Alcohol Not Involved),No (Drugs Not Involved),0,0,0,0,63,37,6,2014,KNDJP3A50E70,No Trailing Unit,Not Applicable,No,10,0,0,0,0,No,0,0,0,0,Straight,Level,"Blacktop, Bituminous, or Asphalt",1,25,1
53,Washington,530365,1,33,1960,16,9,2015,4,21,0,2,4,4,8,0,No,3,Four-Way Intersection,None,1,3,2,0,0,0,1,1,1,No Rollover,21,Male,1,0,No (Alcohol Not Involved),No (Drugs Not Involved),0,0,0,0,63,37,6,2010,KNDJT2A25A70,No Trailing Unit,Not Applicable,No,35,0,0,0,0,No,58,0,0,0,Curve Left,Level,"Blacktop, Bituminous, or Asphalt",1,1,1
53,Washington,530365,1,33,1960,16,9,2015,4,21,0,2,4,4,8,0,No,3,Four-Way Intersection,None,1,3,2,0,0,0,1,1,1,No Rollover,21,Male,1,0,No (Alcohol Not Involved),No (Drugs Not Involved),0,0,0,0,63,441,20,2014,KNDMH4C76E65,No Trailing Unit,Not Applicable,No,70,0,0,0,0,No,0,0,0,0,Straight,Level,Concrete,1,6,2
53,Washington,530365,1,33,1960,16,9,2015,4,21,0,2,4,4,8,0,No,3,Four-Way Intersection,None,1,3,2,0,0,0,1,1,1,No Rollover,21,Male,1,0,No (Alcohol Not Involved),No (Drugs Not Involved),0,0,0,0,63,401,14,2016,KNDPB3AC5G78,No Trailing Unit,Not Applicable,No,999,0,0,0,0,No,0,0,0,0,Straight,Level,Concrete,1,2,1
53,Washington,530365,1,33,1960,16,9,2015,4,21,0,2,4,4,8,0,No,3,Four-Way Intersection,None,1,3,2,0,0,0,1,1,1,No Rollover,21,Male,1,0,No (Alcohol Not Involved),No (Drugs Not Involved),0,0,0,0,63,401,14,2014,KNDPBCAC7E75,No Trailing Unit,Not Applicable,No,999,0,2,0,2,Unknown,0,0,0,0,Straight,Level,Concrete,1,1,1
53,Washington,530365,1,33,1960,16,9,2015,4,21,0,2,4,4,8,0,No,3,Four-Way Intersection,None,1,3,2,0,0,0,1,1,1,No Rollover,21,Male,1,0,No (Alcohol Not Involved),No (Drugs Not Involved),0,0,0,0,63,441,20,2002,KNDUP1315263,No Trailing Unit,Not Applicable,No,999,0,0,0,0,No,0,0,0,0,Straight,"Grade, Unknown Slope","Blacktop, Bituminous, or Asphalt",1,6,1
53,Washington,530365,1,33,1960,16,9,2015,4,21,0,2,4,4,8,0,No,3,Four-Way Intersection,None,1,3,2,0,0,0,1,1,1,No Rollover,21,Male,1,0,No (Alcohol Not Involved),No (Drugs Not Involved),0,0,0,0,63,441,20,2002,KNDUP1316262,No Trailing Unit,Not Applicable,No,999,0,2,1,2,"Yes, Exceeded Speed Limit",36,51,0,0,Straight,Level,"Blacktop, Bituminous, or Asphalt",1,6,1
53,Washington,530365,1,33,1960,16,9,2015,4,21,0,2,4,4,8,0,No,3,Four-Way Intersection,None,1,3,2,0,0,0,1,1,1,No Rollover,21,Male,1,0,No (Alcohol Not Involved),No (Drugs Not Involved),0,0,0,0,12,36,5,1997,KNJLT06H1V62,No Trailing Unit,Not Applicable,No,50,0,0,0,0,No,0,0,0,0,Curve Right,Level,"Blacktop, Bituminous, or Asphalt",1,1,1
53,Washington,530365,1,33,1960,16,9,2015,4,21,0,2,4,4,8,0,No,3,Four-Way Intersection,None,1,3,2,0,0,0,1,1,1,No Rollover,21,Male,1,0,No (Alcohol Not Involved),No (Drugs Not Involved),0,0,0,0,98,709,81,2015,L37LMGFV3FZ0,No Trailing Unit,Not Applicable,No,25,1,0,0,0,No,58,0,0,0,Straight,Level,"Blacktop, Bituminous, or Asphalt",1,1,1
53,Washington,530365,1,33,1960,16,9,2015,4,21,0,2,4,4,8,0,No,3,Four-Way Intersection,None,1,3,2,0,0,0,1,1,1,No Rollover,21,Male,1,0,No (Alcohol Not Involved),No (Drugs Not Involved),0,0,0,0,98,703,88,2014,L5YTCKPAXE11,No Trailing Unit,Not Applicable,No,40,0,0,0,0,No,58,0,0,0,Straight,Level,Not Reported,1,6,1
53,Washington,530365,1,33,1960,16,9,2015,4,21,0,2,4,4,8,0,No,3,Four-Way Intersection,None,1,3,2,0,0,0,1,1,1,No Rollover,21,Male,1,0,No (Alcohol Not Involved),No (Drugs Not Involved),0,0,0,0,98,701,81,2008,L8YTCBPM98M0,No Trailing Unit,Not Applicable,No,998,0,0,0,0,No,0,0,0,0,Straight,Level,"Blacktop, Bituminous, or Asphalt",1,1,1
53,Washington,530365,1,33,1960,16,9,2015,4,21,0,2,4,4,8,0,No,3,Four-Way Intersection,None,1,3,2,0,0,0,1,1,1,No Rollover,21,Male,1,0,No (Alcohol Not Involved),No (Drugs Not Involved),0,0,0,0,98,701,88,2014,L9NTEACB5E11,No Trailing Unit,Not Applicable,No,40,0,4,0,0,No,6,0,0,0,Straight,Level,Not Reported,1,98,1
53,Washington,530365,1,33,1960,16,9,2015,4,21,0,2,4,4,8,0,No,3,Four-Way Intersection,None,1,3,2,0,0,0,1,1,1,No Rollover,21,Male,1,0,No (Alcohol Not Involved),No (Drugs Not Involved),0,0,0,0,37,701,80,2015,LALAF7013F32,No Trailing Unit,Not Applicable,No,998,0,0,0,0,"Yes, Exceeded Speed Limit",39,0,0,0,Straight,Level,"Blacktop, Bituminous, or Asphalt",1,89,1
53,Washington,530365,1,33,1960,16,9,2015,4,21,0,2,4,4,8,0,No,3,Four-Way Intersection,None,1,3,2,0,0,0,1,1,1,No Rollover,21,Male,1,0,No (Alcohol Not Involved),No (Drugs Not Involved),0,0,0,0,98,709,81,2013,LAWTABMBXDC5,No Trailing Unit,Not Applicable,No,10,0,0,0,0,No,0,0,0,0,Curve Left,"Grade, Unknown Slope","Blacktop, Bituminous, or Asphalt",1,1,1