state_number,state_name,consecutive_number,number_of_forms_submitted_for_persons_not_in_motor_vehicles,county,city,day_of_crash,month_of_crash,year_of_crash,day_of_week,hour_of_crash,national_highway_system,land_use,functional_system,route_signing,first_harmful_event,manner_of_collision,relation_to_junction_within_interchange_area,relation_to_junction_specific_location,type_of_intersection,work_zone,relation_to_trafficway,light_condition,atmospheric_conditions,related_factors_crash_level_1,related_factors_crash_level_2,related_factors_crash_level_3,number_of_fatalities,vehicle_number,person_number,rollover,age,sex,person_type,injury_severity,police_reported_alcohol_involvement,police_reported_drug_involvement,related_factors_person_level1,related_factors_person_level2,related_factors_person_level3,race,vehicle_make,vehicle_model,body_type,vehicle_model_year,vehicle_identification_number_vin,vehicle_trailing,gross_vehicle_weight_rating,hazardous_material_involvement,travel_speed,previous_recorded_crashes,previous_recorded_suspensions_and_revocations,previous_dwi_convictions,previous_speeding_convictions,speeding_related,related_factors_driver_level_1,related_factors_driver_level_2,related_factors_driver_level_3,related_factors_driver_level_4,roadway_alignment,roadway_grade,roadway_surface_type,roadway_surface_condition,crash_type,fatalities_in_vehicle
53,Washington,530365,1,33,1960,16,9,2015,4,21,0,2,4,4,8,0,No,3,Four-Way Intersection,None,1,3,2,0,0,0,1,1,1,No Rollover,21,Male,1,0,No (Alcohol Not Involved),No (Drugs Not Involved),0,0,0,0,47,34,5,1995,YS3CD68U7S10,No Trailing Unit,Not Applicable,No,998,0,0,0,0,No,0,0,0,0,Straight,Level,"Blacktop, Bituminous, or Asphalt",1,2,1
53,Washington,530365,1,33,1960,16,9,2015,4,21,0,2,4,4,8,0,No,3,Four-Way Intersection,None,1,3,2,0,0,0,1,1,1,No Rollover,21,Male,1,0,No (Alcohol Not Involved),No (Drugs Not Involved),0,0,0,0,47,31,1,1998,YS3DF75N4W70,No Trailing Unit,Not Applicable,No,998,0,1,1,0,No,0,0,0,0,Straight,"Grade, Unknown Slope","Blacktop, Bituminous, or Asphalt",1,2,1
53,Washington,530365,1,33,1960,16,9,2015,4,21,0,2,4,4,8,0,No,3,Four-Way Intersection,None,1,3,2,0,0,0,1,1,1,No Rollover,21,Male,1,0,No (Alcohol Not Involved),No (Drugs Not Involved),0,0,0,0,47,35,3,2008,YS3FH76U3860,No Trailing Unit,Not Applicable,No,998,0,2,0,0,"Yes, Exceeded Speed Limit",6,0,0,0,Curve – Unknown Direction,Level,"Blacktop, Bituminous, or Asphalt",1,1,1
53,Washington,530365,1,33,1960,16,9,2015,4,21,0,2,4,4,8,0,No,3,Four-Way Intersection,None,1,3,2,0,0,0,1,1,1,No Rollover,21,Male,1,0,No (Alcohol Not Involved),No (Drugs Not Involved),0,0,0,0,51,42,4,1996,YV1LS5559T13,No Trailing Unit,Not Applicable,No,998,0,0,0,0,No,58,0,0,0,Curve Right,Downhill,"Blacktop, Bituminous, or Asphalt",1,2,1
53,Washington,530365,1,33,1960,16,9,2015,4,21,0,2,4,4,8,0,No,3,Four-Way Intersection,None,1,3,2,0,0,0,1,1,1,No Rollover,21,Male,1,0,No (Alcohol Not Involved),No (Drugs Not Involved),0,0,0,0,51,42,4,1996,YV1LS5725T12,No Trailing Unit,Not Applicable,No,65,0,0,0,0,No,58,83,0,0,Straight,Level,"Blacktop, Bituminous, or Asphalt",2,13,1
53,Washington,530365,1,33,1960,16,9,2015,4,21,0,2,4,4,8,0,No,3,Four-Way Intersection,None,1,3,2,0,0,0,1,1,1,No Rollover,21,Male,1,0,No (Alcohol Not Involved),No (Drugs Not Involved),0,0,0,0,51,46,4,2006,YV1MS3905621,No Trailing Unit,Not Applicable,No,998,0,1,0,1,"Yes, Too Fast for Conditions",0,0,0,0,Straight,Level,"Blacktop, Bituminous, or Asphalt",1,2,1
53,Washington,530365,1,33,1960,16,9,2015,4,21,0,2,4,4,8,0,No,3,Four-Way Intersection,None,1,3,2,0,0,0,1,1,1,No Rollover,21,Male,1,0,No (Alcohol Not Involved),No (Drugs Not Involved),0,0,0,0,51,47,4,2006,YV1RS5471625,No Trailing Unit,Not Applicable,No,998,98,0,0,2,"Yes, Too Fast for Conditions",58,0,0,0,Curve Right,Level,"Blacktop, Bituminous, or Asphalt",1,7,1
53,Washington,530365,1,33,1960,16,9,2015,4,21,0,2,4,4,8,0,No,3,Four-Way Intersection,None,1,3,2,0,0,0,1,1,1,No Rollover,21,Male,1,0,No (Alcohol Not Involved),No (Drugs Not Involved),0,0,0,0,51,47,4,2002,YV1RS61R3221,No Trailing Unit,Not Applicable,No,100,2,7,0,0,"Yes, Exceeded Speed Limit",58,0,0,0,Curve Right,Level,"Blacktop, Bituminous, or Asphalt",1,2,1
53,Washington,530365,1,33,1960,16,9,2015,4,21,0,2,4,4,8,0,No,3,Four-Way Intersection,None,1,3,2,0,0,0,1,1,1,No Rollover,21,Male,1,0,No (Alcohol Not Involved),No (Drugs Not Involved),0,0,0,0,51,43,6,2003,YV1SZ59H4311,No Trailing Unit,Not Applicable,No,85,0,4,1,1,"Yes, Exceeded Speed Limit",36,0,0,0,Straight,Level,Concrete,1,7,1
53,Washington,530365,1,33,1960,16,9,2015,4,21,0,2,4,4,8,0,No,3,Four-Way Intersection,None,1,3,2,0,0,0,1,1,1,No Rollover,21,Male,1,0,No (Alcohol Not Involved),No (Drugs Not Involved),0,0,0,0,51,46,4,2001,YV1VS29541F7,No Trailing Unit,Not Applicable,No,998,1,2,0,0,No,48,0,0,0,Not Reported,Not Reported,Not Reported,1,7,1
53,Washington,530365,1,33,1960,16,9,2015,4,21,0,2,4,4,8,0,No,3,Four-Way Intersection,None,1,3,2,0,0,0,1,1,1,No Rollover,21,Male,1,0,No (Alcohol Not Involved),No (Drugs Not Involved),0,0,0,0,51,43,6,2006,YV4SZ5925612,No Trailing Unit,Not Applicable,No,75,1,1,1,0,No,6,0,0,0,Straight,Uphill,"Blacktop, Bituminous, or Asphalt",1,1,1
53,Washington,530365,1,33,1960,16,9,2015,4,21,0,2,4,4,8,0,No,3,Four-Way Intersection,None,1,3,2,0,0,0,1,1,1,No Rollover,21,Male,1,0,No (Alcohol Not Involved),No (Drugs Not Involved),0,0,0,0,69,40,2,2002,ZAMBC38A4200,No Trailing Unit,Not Applicable,No,998,0,0,0,0,"Yes, Exceeded Speed Limit",0,0,0,0,Straight,Downhill,"Blacktop, Bituminous, or Asphalt",1,1,1
53,Washington,530365,1,33,1960,16,9,2015,4,21,0,2,4,4,8,0,No,3,Four-Way Intersection,None,1,3,2,0,0,0,1,1,1,No Rollover,21,Male,1,0,No (Alcohol Not Involved),No (Drugs Not Involved),0,0,0,0,98,706,80,2014,ZD4TYCA04ES0,No Trailing Unit,Not Applicable,No,998,98,0,0,0,"Yes, Specifics Unknown",0,0,0,0,Curve Left,Hillcrest,"Blacktop, Bituminous, or Asphalt",1,98,1
53,Washington,530365,1,33,1960,16,9,2015,4,21,0,2,4,4,8,0,No,3,Four-Way Intersection,None,1,3,2,0,0,0,1,1,1,No Rollover,21,Male,1,0,No (Alcohol Not Involved),No (Drugs Not Involved),0,0,0,0,71,706,80,2006,ZDM1UB5W66B0,No Trailing Unit,Not Applicable,No,75,0,0,0,0,"Yes, Too Fast for Conditions",0,0,0,0,Curve Left,Downhill,"Blacktop, Bituminous, or Asphalt",1,1,1
53,Washington,530365,1,33,1960,16,9,2015,4,21,0,2,4,4,8,0,No,3,Four-Way Intersection,None,1,3,2,0,0,0,1,1,1,No Rollover,21,Male,1,0,No (Alcohol Not Involved),No (Drugs Not Involved),0,0,0,0,71,706,80,2009,ZDM1XBLW09B0,No Trailing Unit,Not Applicable,No,998,98,0,0,0,"Yes, Exceeded Speed Limit",0,0,0,0,Straight,"Grade, Unknown Slope","Blacktop, Bituminous, or Asphalt",1,98,1
53,Washington,530365,1,33,1960,16,9,2015,4,21,0,2,4,4,8,0,No,3,Four-Way Intersection,None,1,3,2,0,0,0,1,1,1,No Rollover,21,Male,1,0,No (Alcohol Not Involved),No (Drugs Not Involved),0,0,0,0,71,706,80,2011,ZDM1XBMV0BB0,No Trailing Unit,Not Applicable,No,65,1,0,0,0,"Yes, Too Fast for Conditions",0,0,0,0,Straight,Not Reported,"Blacktop, Bituminous, or Asphalt",1,98,1
53,Washington,530365,1,33,1960,16,9,2015,4,21,0,2,4,4,8,0,No,3,Four-Way Intersection,None,1,3,2,0,0,0,1,1,1,No Rollover,21,Male,1,0,No (Alcohol Not Involved),No (Drugs Not Involved),0,0,0,0,71,706,80,2008,ZDM1YACP38B0,No Trailing Unit,Not Applicable,No,998,0,0,0,0,"Yes, Too Fast for Conditions",0,0,0,0,Curve Right,Downhill,Not Reported,1,98,1
53,Washington,530365,1,33,1960,16,9,2015,4,21,0,2,4,4,8,0,No,3,Four-Way Intersection,None,1,3,2,0,0,0,1,1,1,No Rollover,21,Male,1,0,No (Alcohol Not Involved),No (Drugs Not Involved),0,0,0,0,71,706,80,2008,ZDM1YACP58B0,No Trailing Unit,Not Applicable,No,55,0,0,0,1,No,26,0,0,0,Curve Right,"Grade, Unknown Slope","Blacktop, Bituminous, or Asphalt",1,98,1
53,Washington,530365,1,33,1960,16,9,2015,4,21,0,2,4,4,8,0,No,3,Four-Way Intersection,None,1,3,2,0,0,0,1,1,1,No Rollover,21,Male,1,0,No (Alcohol Not Involved),No (Drugs Not Involved),0,0,0,0,99,702,80,9999,ZHEJIANGXING,No Trailing Unit,Not Applicable,No,998,98,0,0,0,No,0,0,0,0,Straight,Level,"Blacktop, Bituminous, or Asphalt",1,1,1
53,Washington,530365,1,33,1960,16,9,2015,4,21,0,2,4,4,8,0,No,3,Four-Way Intersection,None,1,3,2,0,0,0,1,1,1,No Rollover,21,Male,1,0,No (Alcohol Not Involved),No (Drugs Not Involved),0,0,0,0,99,705,80,2014,ZKHKBEHKGEV0,No Trailing Unit,Not Applicable,No,998,0,0,0,0,"Yes, Too Fast for Conditions",0,0,0,0,Straight,"Grade, Unknown Slope","Blacktop, Bituminous, or Asphalt",1,98,1
53,Washington,530365,1,33,1960,16,9,2015,4,21,0,2,4,4,8,0,No,3,Four-Way Intersection,None,1,3,2,0,0,0,1,1,1,No Rollover,21,Male,1,0,No (Alcohol Not Involved),No (Drugs Not Involved),0,0,0,0,99,998,97,2013,AZ344415,No Trailing Unit,Not Applicable,No,20,0,0,0,0,"Yes, Too Fast for Conditions",99,99,99,99,Curve Right,Not Reported,Dirt,1,10,2
53,Washington,530365,1,33,1960,16,9,2015,4,21,0,2,4,4,8,0,No,3,Four-Way Intersection,None,1,3,2,0,0,0,1,1,1,No Rollover,21,Male,1,0,No (Alcohol Not Involved),No (Drugs Not Involved),0,0,0,0,12,398,1,1965,FFR1795K,No Trailing Unit,Not Applicable,No,79,0,2,0,2,"Yes, Exceeded Speed Limit",91,0,0,0,Straight,Downhill,"Blacktop, Bituminous, or Asphalt",1,0,1
53,Washington,530365,1,33,1960,16,9,2015,4,21,0,2,4,4,8,0,No,3,Four-Way Intersection,None,1,3,2,0,0,0,1,1,1,No Rollover,21,Male,1,0,No (Alcohol Not Involved),No (Drugs Not Involved),0,0,0,0,12,3,1,1966,6R08C162804,No Trailing Unit,Not Applicable,No,998,0,0,0,0,No,24,48,0,0,Not Reported,Downhill,Concrete,1,6,1
53,Washington,530365,1,33,1960,16,9,2015,4,21,0,2,4,4,8,0,No,3,Four-Way Intersection,None,1,3,2,0,0,0,1,1,1,No Rollover,21,Male,1,0,No (Alcohol Not Involved),No (Drugs Not Involved),0,0,0,0,14,4,4,1979,9H93F768108,No Trailing Unit,Not Applicable,No,998,0,0,0,0,No,99,99,99,99,Straight,Level,"Blacktop, Bituminous, or Asphalt",1,1,1
53,Washington,530365,1,33,1960,16,9,2015,4,21,0,2,4,4,8,0,No,3,Four-Way Intersection,None,1,3,2,0,0,0,1,1,1,No Rollover,21,Male,1,0,No (Alcohol Not Involved),No (Drugs Not Involved),0,0,0,0,7,26,4,2011,1B3BD4FB6BN5,No Trailing Unit,Not Applicable,No,65,0,0,0,1,No,58,28,0,0,Curve Left,Level,"Blacktop, Bituminous, or Asphalt",1,6,1
53,Washington,530365,1,33,1960,16,9,2015,4,21,0,2,4,4,8,0,No,3,Four-Way Intersection,None,1,3,2,0,0,0,1,1,1,No Rollover,21,Male,1,0,No (Alcohol Not Involved),No (Drugs Not Involved),0,0,0,0,7,20,4,2004,1B3ES26C84D5,No Trailing Unit,Not Applicable,No,50,0,0,0,0,No,0,0,0,0,Curve Right,"Grade, Unknown Slope","Blacktop, Bituminous, or Asphalt",1,6,1
53,Washington,530365,1,33,1960,16,9,2015,4,21,0,2,4,4,8,0,No,3,Four-Way Intersection,None,1,3,2,0,0,0,1,1,1,No Rollover,21,Male,1,0,No (Alcohol Not Involved),No (Drugs Not Involved),0,0,0,0,7,442,20,1997,1B4GP44R9VB4,No Trailing Unit,Not Applicable,No,5,0,0,0,0,No,6,0,0,0,Straight,Level,"Blacktop, Bituminous, or Asphalt",1,0,1
53,Washington,530365,1,33,1960,16,9,2015,4,21,0,2,4,4,8,0,No,3,Four-Way Intersection,None,1,3,2,0,0,0,1,1,1,No Rollover,21,Male,1,0,No (Alcohol Not Involved),No (Drugs Not Involved),0,0,0,0,7,402,14,2000,1B4HS28Z9YF1,No Trailing Unit,Not Applicable,No,10,1,0,0,0,No,48,0,0,0,Straight,Level,"Blacktop, Bituminous, or Asphalt",1,82,1
53,Washington,530365,1,33,1960,16,9,2015,4,21,0,2,4,4,8,0,No,3,Four-Way Intersection,None,1,3,2,0,0,0,1,1,1,No Rollover,21,Male,1,0,No (Alcohol Not Involved),No (Drugs Not Involved),0,0,0,0,7,472,30,2002,1B7FL16X72S5,No Trailing Unit,Not Applicable,No,998,0,0,0,1,No,0,0,0,0,Straight,Level,"Blacktop, Bituminous, or Asphalt",1,6,1
53,Washington,530365,1,33,1960,16,9,2015,4,21,0,2,4,4,8,0,No,3,Four-Way Intersection,None,1,3,2,0,0,0,1,1,1,No Rollover,21,Male,1,0,No (Alcohol Not Involved),No (Drugs Not Involved),0,0,0,0,7,472,30,2000,1B7GG22N7YS6,No Trailing Unit,Not Applicable,No,998,98,0,0,0,Unknown,38,0,0,0,Straight,Level,"Blacktop, Bituminous, or Asphalt",1,68,0
53,Washington,530365,1,33,1960,16,9,2015,4,21,0,2,4,4,8,0,No,3,Four-Way Intersection,None,1,3,2,0,0,0,1,1,1,No Rollover,21,Male,1,0,No (Alcohol Not Involved),No (Drugs Not Involved),0,0,0,0,7,472,30,1997,1B7GL23XXVS2,No Trailing Unit,Not Applicable,No,70,1,0,0,1,"Yes, Too Fast for Conditions",0,0,0,0,Curve Right,Level,Concrete,1,1,1
53,Washington,530365,1,33,1960,16,9,2015,4,21,0,2,4,4,8,0,No,3,Four-Way Intersection,None,1,3,2,0,0,0,1,1,1,No Rollover,21,Male,1,0,No (Alcohol Not Involved),No (Drugs Not Involved),0,0,0,0,7,472,30,2002,1B7GL42N72S7,No Trailing Unit,Not Applicable,No,999,0,0,0,0,"Yes, Specifics Unknown",58,87,0,0,Curve Left,"Grade, Unknown Slope","Blacktop, Bituminous, or Asphalt",11,7,1
53,Washington,530365,1,33,1960,16,9,2015,4,21,0,2,4,4,8,0,No,3,Four-Way Intersection,None,1,3,2,0,0,0,1,1,1,No Rollover,21,Male,1,0,No (Alcohol Not Involved),No (Drugs Not Involved),0,0,0,0,7,482,31,1998,1B7HC13Y7WJ2,No Trailing Unit,Not Applicable,No,998,0,0,0,0,No,51,0,0,0,Curve Left,"Grade, Unknown Slope","Blacktop, Bituminous, or Asphalt",1,66,2
53,Washington,530365,1,33,1960,16,9,2015,4,21,0,2,4,4,8,0,No,3,Four-Way Intersection,None,1,3,2,0,0,0,1,1,1,No Rollover,21,Male,1,0,No (Alcohol Not Involved),No (Drugs Not Involved),0,0,0,0,7,481,31,1987,1B7KD3410HS4,No Trailing Unit,Not Applicable,No,55,1,3,0,0,"Yes, Too Fast for Conditions",91,0,0,0,Straight,Level,"Blacktop, Bituminous, or Asphalt",1,50,0
53,Washington,530365,1,33,1960,16,9,2015,4,21,0,2,4,4,8,0,No,3,Four-Way Intersection,None,1,3,2,0,0,0,1,1,1,No Rollover,21,Male,1,0,No (Alcohol Not Involved),No (Drugs Not Involved),0,0,0,0,6,18,4,2012,1C3CCBAB0CN2,No Trailing Unit,Not Applicable,No,998,0,3,1,0,No,0,0,0,0,Straight,Not Reported,"Blacktop, Bituminous, or Asphalt",1,1,1
53,Washington,530365,1,33,1960,16,9,2015,4,21,0,2,4,4,8,0,No,3,Four-Way Intersection,None,1,3,2,0,0,0,1,1,1,No Rollover,21,Male,1,0,No (Alcohol Not Involved),No (Drugs Not Involved),0,0,0,0,7,29,4,2013,1C3CDFBA1DD1,No Trailing Unit,Not Applicable,No,998,1,0,0,0,Unknown,99,99,99,99,Straight,Level,"Blacktop, Bituminous, or Asphalt",1,14,1
53,Washington,530365,1,33,1960,16,9,2015,4,21,0,2,4,4,8,0,No,3,Four-Way Intersection,None,1,3,2,0,0,0,1,1,1,No Rollover,21,Male,1,0,No (Alcohol Not Involved),No (Drugs Not Involved),0,0,0,0,7,29,4,2014,1C3CDFBB2ED7,No Trailing Unit,Not Applicable,No,55,0,0,0,0,"Yes, Too Fast for Conditions",0,0,0,0,Curve Left,Level,"Blacktop, Bituminous, or Asphalt",1,7,1
53,Washington,530365,1,33,1960,16,9,2015,4,21,0,2,4,4,8,0,No,3,Four-Way Intersection,None,1,3,2,0,0,0,1,1,1,No Rollover,21,Male,1,0,No (Alcohol Not Involved),No (Drugs Not Involved),0,0,0,0,2,403,14,2014,1C4AJWAG5EL2,No Trailing Unit,Not Applicable,No,998,0,0,0,0,No,0,0,0,0,Straight,Level,"Blacktop, Bituminous, or Asphalt",1,51,1
53,Washington,530365,1,33,1960,16,9,2015,4,21,0,2,4,4,8,0,No,3,Four-Way Intersection,None,1,3,2,0,0,0,1,1,1,No Rollover,21,Male,1,0,No (Alcohol Not Involved),No (Drugs Not Involved),0,0,0,0,2,407,14,2015,1C4NJPBA9FD3,No Trailing Unit,Not Applicable,No,998,0,0,0,0,"Yes, Exceeded Speed Limit",35,0,0,0,Straight,Level,"Blacktop, Bituminous, or Asphalt",1,6,5
53,Washington,530365,1,33,1960,16,9,2015,4,21,0,2,4,4,8,0,No,3,Four-Way Intersection,None,1,3,2,0,0,0,1,1,1,No Rollover,21,Male,1,0,No (Alcohol Not Involved),No (Drugs Not Involved),0,0,0,0,2,422,15,2014,1C4RJFCT8EC2,No Trailing Unit,Not Applicable,No,998,0,0,0,0,No,28,0,0,0,Curve Right,Downhill,"Blacktop, Bituminous, or Asphalt",1,6,1
53,Washington,530365,1,33,1960,16,9,2015,4,21,0,2,4,4,8,0,No,3,Four-Way Intersection,None,1,3,2,0,0,0,1,1,1,No Rollover,21,Male,1,0,No (Alcohol Not Involved),No (Drugs Not Involved),0,0,0,0,7,482,31,2012,1C6RD6GTXCS2,No Trailing Unit,Not Applicable,No,998,0,0,0,0,"Yes, Too Fast for Conditions",0,0,0,0,Straight,Downhill,Concrete,1,6,1
53,Washington,530365,1,33,1960,16,9,2015,4,21,0,2,4,4,8,0,No,3,Four-Way Intersection,None,1,3,2,0,0,0,1,1,1,No Rollover,21,Male,1,0,No (Alcohol Not Involved),No (Drugs Not Involved),0,0,0,0,7,482,31,2012,1C6RD7FT1CS1,No Trailing Unit,Not Applicable,No,998,0,0,0,1,No,39,0,0,0,Straight,Level,"Blacktop, Bituminous, or Asphalt",1,14,1
53,Washington,530365,1,33,1960,16,9,2015,4,21,0,2,4,4,8,0,No,3,Four-Way Intersection,None,1,3,2,0,0,0,1,1,1,No Rollover,21,Male,1,0,No (Alcohol Not Involved),No (Drugs Not Involved),0,0,0,0,7,482,31,2013,1C6RR7NT6DS6,No Trailing Unit,Not Applicable,No,998,0,0,0,0,No,99,99,99,99,Straight,"Grade, Unknown Slope","Blacktop, Bituminous, or Asphalt",1,6,1
53,Washington,530365,1,33,1960,16,9,2015,4,21,0,2,4,4,8,0,No,3,Four-Way Intersection,None,1,3,2,0,0,0,1,1,1,No Rollover,21,Male,1,0,No (Alcohol Not Involved),No (Drugs Not Involved),0,0,0,0,7,422,15,2005,1D8HB48NX5F6,No Trailing Unit,Not Applicable,No,998,0,0,1,0,No,0,0,0,0,Straight,Level,Concrete,1,1,1
53,Washington,530365,1,33,1960,16,9,2015,4,21,0,2,4,4,8,0,No,3,Four-Way Intersection,None,1,3,2,0,0,0,1,1,1,No Rollover,21,Male,1,0,No (Alcohol Not Involved),No (Drugs Not Involved),0,0,0,0,12,3,2,2004,1FAFP40684F1,No Trailing Unit,Not Applicable,No,998,0,0,0,0,"Yes, Too Fast for Conditions",79,0,0,0,Straight,Level,"Slag, Gravel or Stone",1,7,1
53,Washington,530365,1,33,1960,16,9,2015,4,21,0,2,4,4,8,0,No,3,Four-Way Intersection,None,1,3,2,0,0,0,1,1,1,No Rollover,21,Male,1,0,No (Alcohol Not Involved),No (Drugs Not Involved),0,0,0,0,12,3,2,2004,1FAFP40684F1,No Trailing Unit,Not Applicable,No,998,0,0,0,0,No,0,0,0,0,Straight,Level,"Blacktop, Bituminous, or Asphalt",1,1,1
53,Washington,530365,1,33,1960,16,9,2015,4,21,0,2,4,4,8,0,No,3,Four-Way Intersection,None,1,3,2,0,0,0,1,1,1,No Rollover,21,Male,1,0,No (Alcohol Not Involved),No (Drugs Not Involved),0,0,0,0,12,3,1,2001,1FAFP44401F1,No Trailing Unit,Not Applicable,No,998,0,1,0,1,"Yes, Specifics Unknown",0,0,0,0,Straight,Level,Dirt,1,2,1
53,Washington,530365,1,33,1960,16,9,2015,4,21,0,2,4,4,8,0,No,3,Four-Way Intersection,None,1,3,2,0,0,0,1,1,1,No Rollover,21,Male,1,0,No (Alcohol Not Involved),No (Drugs Not Involved),0,0,0,0,12,3,1,2004,1FAFP45X54F1,No Trailing Unit,Not Applicable,No,998,0,0,0,0,No,6,35,0,0,Straight,Level,"Blacktop, Bituminous, or Asphalt",1,50,1
53,Washington,530365,1,33,1960,16,9,2015,4,21,0,2,4,4,8,0,No,3,Four-Way Intersection,None,1,3,2,0,0,0,1,1,1,No Rollover,21,Male,1,0,No (Alcohol Not Involved),No (Drugs Not Involved),0,0,0,0,12,17,4,2007,1FAFP53U47A2,No Trailing Unit,Not Applicable,No,998,0,0,0,0,No,99,99,99,99,Straight,Level,"Blacktop, Bituminous, or Asphalt",1,1,2
53,Washington,530365,1,33,1960,16,9,2015,4,21,0,2,4,4,8,0,No,3,Four-Way Intersection,None,1,3,2,0,0,0,1,1,1,No Rollover,21,Male,1,0,No (Alcohol Not Involved),No (Drugs Not Involved),0,0,0,0,12,17,4,2005,1FAFP56U95A1,No Trailing Unit,Not Applicable,No,0,0,0,0,2,No,54,0,0,0,Straight,Level,Not Reported,1,21,1
53,Washington,530365,1,33,1960,16,9,2015,4,21,0,2,4,4,8,0,No,3,Four-Way Intersection,None,1,3,2,0,0,0,1,1,1,No Rollover,21,Male,1,0,No (Alcohol Not Involved),No (Drugs Not Involved),0,0,0,0,12,13,6,1995,1FASP15J0SW1,No Trailing Unit,Not Applicable,No,998,0,1,1,0,No,0,0,0,0,Straight,Downhill,"Blacktop, Bituminous, or Asphalt",1,6,1
53,Washington,530365,1,33,1960,16,9,2015,4,21,0,2,4,4,8,0,No,3,Four-Way Intersection,None,1,3,2,0,0,0,1,1,1,No Rollover,21,Male,1,0,No (Alcohol Not Involved),No (Drugs Not Involved),0,0,0,0,12,850,73,1992,1FDKE30G4NHA,No Trailing Unit,Not Applicable,No,998,0,0,0,0,No,0,0,0,0,Curve Right,Not Reported,Not Reported,1,0,1
53,Washington,530365,1,33,1960,16,9,2015,4,21,0,2,4,4,8,0,No,3,Four-Way Intersection,None,1,3,2,0,0,0,1,1,1,No Rollover,21,Male,1,0,No (Alcohol Not Involved),No (Drugs Not Involved),0,0,0,0,12,850,73,1988,1FDKE30G9JHA,No Trailing Unit,Not Applicable,No,999,0,0,0,1,No,0,0,0,0,Straight,Level,Not Reported,1,0,1
53,Washington,530365,1,33,1960,16,9,2015,4,21,0,2,4,4,8,0,No,3,Four-Way Intersection,None,1,3,2,0,0,0,1,1,1,No Rollover,21,Male,1,0,No (Alcohol Not Involved),No (Drugs Not Involved),0,0,0,0,12,481,31,2011,1FDUF5GT4BEB,No Trailing Unit,Not Applicable,No,998,0,0,0,0,No,6,0,0,0,Straight,Level,"Blacktop, Bituminous, or Asphalt",1,7,1
53,Washington,530365,1,33,1960,16,9,2015,4,21,0,2,4,4,8,0,No,3,Four-Way Intersection,None,1,3,2,0,0,0,1,1,1,No Rollover,21,Male,1,0,No (Alcohol Not Involved),No (Drugs Not Involved),0,0,0,0,12,402,14,2009,1FMCU93G19KC,No Trailing Unit,Not Applicable,No,998,0,0,0,1,No,0,0,0,0,Curve Left,Level,Concrete,1,1,1
53,Washington,530365,1,33,1960,16,9,2015,4,21,0,2,4,4,8,0,No,3,Four-Way Intersection,None,1,3,2,0,0,0,1,1,1,No Rollover,21,Male,1,0,No (Alcohol Not Involved),No (Drugs Not Involved),0,0,0,0,12,401,14,1991,1FMDU34X0MUA,No Trailing Unit,Not Applicable,No,998,0,0,0,0,No,27,0,0,0,Curve Left,Level,"Blacktop, Bituminous, or Asphalt",1,5,1
53,Washington,530365,1,33,1960,16,9,2015,4,21,0,2,4,4,8,0,No,3,Four-Way Intersection,None,1,3,2,0,0,0,1,1,1,No Rollover,21,Male,1,0,No (Alcohol Not Involved),No (Drugs Not Involved),0,0,0,0,12,401,14,1994,1FMDU34X2RUD,No Trailing Unit,Not Applicable,No,998,0,0,0,0,No,99,99,99,99,Straight,"Grade, Unknown Slope","Blacktop, Bituminous, or Asphalt",2,4,1
53,Washington,530365,1,33,1960,16,9,2015,4,21,0,2,4,4,8,0,No,3,Four-Way Intersection,None,1,3,2,0,0,0,1,1,1,No Rollover,21,Male,1,0,No (Alcohol Not Involved),No (Drugs Not Involved),0,0,0,0,12,422,15,2003,1FMFU16L23LC,No Trailing Unit,Not Applicable,No,998,0,0,0,1,"Yes, Exceeded Speed Limit",8,0,0,0,Straight,Level,Concrete,1,11,1
53,Washington,530365,1,33,1960,16,9,2015,4,21,0,2,4,4,8,0,No,3,Four-Way Intersection,None,1,3,2,0,0,0,1,1,1,No Rollover,21,Male,1,0,No (Alcohol Not Involved),No (Drugs Not Involved),0,0,0,0,12,422,15,2011,1FMJU1H59BEF,No Trailing Unit,Not Applicable,No,998,0,0,0,0,"Yes, Too Fast for Conditions",6,0,0,0,Straight,Level,"Blacktop, Bituminous, or Asphalt",2,50,0
53,Washington,530365,1,33,1960,16,9,2015,4,21,0,2,4,4,8,0,No,3,Four-Way Intersection,None,1,3,2,0,0,0,1,1,1,No Rollover,21,Male,1,0,No (Alcohol Not Involved),No (Drugs Not Involved),0,0,0,0,12,422,15,2005,1FMPU18565LA,No Trailing Unit,Not Applicable,No,998,0,0,0,0,"Yes, Too Fast for Conditions",37,0,0,0,Straight,Level,"Blacktop, Bituminous, or Asphalt",1,7,1
53,Washington,530365,1,33,1960,16,9,2015,4,21,0,2,4,4,8,0,No,3,Four-Way Intersection,None,1,3,2,0,0,0,1,1,1,No Rollover,21,Male,1,0,No (Alcohol Not Involved),No (Drugs Not Involved),0,0,0,0,12,422,15,1998,1FMPU18L9WLA,No Trailing Unit,Not Applicable,No,998,99,99,99,99,No,6,0,0,0,Curve Left,Level,"Blacktop, Bituminous, or Asphalt",2,1,1