state_number,state_name,consecutive_number,number_of_forms_submitted_for_persons_not_in_motor_vehicles,county,city,day_of_crash,month_of_crash,year_of_crash,day_of_week,hour_of_crash,national_highway_system,land_use,functional_system,route_signing,first_harmful_event,manner_of_collision,relation_to_junction_within_interchange_area,relation_to_junction_specific_location,type_of_intersection,work_zone,relation_to_trafficway,light_condition,atmospheric_conditions,related_factors_crash_level_1,related_factors_crash_level_2,related_factors_crash_level_3,number_of_fatalities,vehicle_number,person_number,rollover,age,sex,person_type,injury_severity,police_reported_alcohol_involvement,police_reported_drug_involvement,related_factors_person_level1,related_factors_person_level2,related_factors_person_level3,race,vehicle_make,vehicle_model,body_type,vehicle_model_year,vehicle_identification_number_vin,vehicle_trailing,gross_vehicle_weight_rating,hazardous_material_involvement,travel_speed,previous_recorded_crashes,previous_recorded_suspensions_and_revocations,previous_dwi_convictions,previous_speeding_convictions,speeding_related,related_factors_driver_level_1,related_factors_driver_level_2,related_factors_driver_level_3,related_factors_driver_level_4,roadway_alignment,roadway_grade,roadway_surface_type,roadway_surface_condition,crash_type,fatalities_in_vehicle
53,Washington,530365,1,33,1960,16,9,2015,4,21,0,2,4,4,8,0,No,3,Four-Way Intersection,None,1,3,2,0,0,0,1,1,1,No Rollover,21,Male,1,0,No (Alcohol Not Involved),No (Drugs Not Involved),0,0,0,0,12,423,16,2005,1FMNU45S85EC,No Trailing Unit,Not Applicable,No,998,0,0,0,0,Unknown,99,99,99,99,Straight,Level,"Blacktop, Bituminous, or Asphalt",1,13,0
53,Washington,530365,1,33,1960,16,9,2015,4,21,0,2,4,4,8,0,No,3,Four-Way Intersection,None,1,3,2,0,0,0,1,1,1,No Rollover,21,Male,1,0,No (Alcohol Not Involved),No (Drugs Not Involved),0,0,0,0,12,422,15,2003,1FMPU15L33LC,No Trailing Unit,Not Applicable,No,998,0,0,0,0,No,0,0,0,0,Straight,Level,"Blacktop, Bituminous, or Asphalt",1,13,0
53,Washington,530365,1,33,1960,16,9,2015,4,21,0,2,4,4,8,0,No,3,Four-Way Intersection,None,1,3,2,0,0,0,1,1,1,No Rollover,21,Male,1,0,No (Alcohol Not Involved),No (Drugs Not Involved),0,0,0,0,12,422,15,2006,1FMPU16516LA,No Trailing Unit,Not Applicable,No,998,1,0,0,0,"Yes, Too Fast for Conditions",87,0,0,0,Curve Right,"Grade, Unknown Slope","Blacktop, Bituminous, or Asphalt",4,8,0
53,Washington,530365,1,33,1960,16,9,2015,4,21,0,2,4,4,8,0,No,3,Four-Way Intersection,None,1,3,2,0,0,0,1,1,1,No Rollover,21,Male,1,0,No (Alcohol Not Involved),No (Drugs Not Involved),0,0,0,0,12,422,15,2004,1FMPU16L14LA,No Trailing Unit,Not Applicable,No,30,0,0,0,0,No,0,0,0,0,Straight,Level,Not Reported,1,13,0
53,Washington,530365,1,33,1960,16,9,2015,4,21,0,2,4,4,8,0,No,3,Four-Way Intersection,None,1,3,2,0,0,0,1,1,1,No Rollover,21,Male,1,0,No (Alcohol Not Involved),No (Drugs Not Involved),0,0,0,0,12,422,15,2004,1FMPU16L74LA,No Trailing Unit,Not Applicable,No,998,0,0,0,0,No,38,0,0,0,Straight,Level,"Blacktop, Bituminous, or Asphalt",1,13,0
53,Washington,530365,1,33,1960,16,9,2015,4,21,0,2,4,4,8,0,No,3,Four-Way Intersection,None,1,3,2,0,0,0,1,1,1,No Rollover,21,Male,1,0,No (Alcohol Not Involved),No (Drugs Not Involved),0,0,0,0,12,422,15,1998,1FMPU18L5WLA,No Trailing Unit,Not Applicable,No,20,0,1,0,3,No,0,0,0,0,Straight,Level,"Blacktop, Bituminous, or Asphalt",1,13,0
53,Washington,530365,1,33,1960,16,9,2015,4,21,0,2,4,4,8,0,No,3,Four-Way Intersection,None,1,3,2,0,0,0,1,1,1,No Rollover,21,Male,1,0,No (Alcohol Not Involved),No (Drugs Not Involved),0,0,0,0,12,422,15,1999,1FMPU18L7XLC,No Trailing Unit,Not Applicable,No,43,1,0,0,0,No,0,0,0,0,Straight,Level,"Blacktop, Bituminous, or Asphalt",1,13,0
53,Washington,530365,1,33,1960,16,9,2015,4,21,0,2,4,4,8,0,No,3,Four-Way Intersection,None,1,3,2,0,0,0,1,1,1,No Rollover,21,Male,1,0,No (Alcohol Not Involved),No (Drugs Not Involved),0,0,0,0,12,422,15,1999,1FMPU18LXXL5,No Trailing Unit,Not Applicable,No,998,0,0,0,0,No,0,0,0,0,Straight,Level,"Blacktop, Bituminous, or Asphalt",1,13,0
53,Washington,530365,1,33,1960,16,9,2015,4,21,0,2,4,4,8,0,No,3,Four-Way Intersection,None,1,3,2,0,0,0,1,1,1,No Rollover,21,Male,1,0,No (Alcohol Not Involved),No (Drugs Not Involved),0,0,0,0,12,461,21,2001,1FMRE11W91HA,No Trailing Unit,Not Applicable,No,40,0,2,0,0,No,82,0,0,0,Straight,Level,"Blacktop, Bituminous, or Asphalt",1,13,0
53,Washington,530365,1,33,1960,16,9,2015,4,21,0,2,4,4,8,0,No,3,Four-Way Intersection,None,1,3,2,0,0,0,1,1,1,No Rollover,21,Male,1,0,No (Alcohol Not Involved),No (Drugs Not Involved),0,0,0,0,12,473,30,2001,1FMRU15L71LB,No Trailing Unit,Not Applicable,No,45,0,0,0,0,No,0,0,0,0,Straight,Not Reported,"Blacktop, Bituminous, or Asphalt",1,13,0
53,Washington,530365,1,33,1960,16,9,2015,4,21,0,2,4,4,8,0,No,3,Four-Way Intersection,None,1,3,2,0,0,0,1,1,1,No Rollover,21,Male,1,0,No (Alcohol Not Involved),No (Drugs Not Involved),0,0,0,0,12,422,15,2001,1FMRU15W11LB,No Trailing Unit,Not Applicable,No,998,0,0,0,0,No,0,0,0,0,Straight,Level,Not Reported,1,13,0
53,Washington,530365,1,33,1960,16,9,2015,4,21,0,2,4,4,8,0,No,3,Four-Way Intersection,None,1,3,2,0,0,0,1,1,1,No Rollover,21,Male,1,0,No (Alcohol Not Involved),No (Drugs Not Involved),0,0,0,0,12,422,15,2002,1FMRU15W32LA,No Trailing Unit,Not Applicable,No,46,0,0,0,0,No,0,0,0,0,Straight,Level,"Blacktop, Bituminous, or Asphalt",1,13,0
53,Washington,530365,1,33,1960,16,9,2015,4,21,0,2,4,4,8,0,No,3,Four-Way Intersection,None,1,3,2,0,0,0,1,1,1,No Rollover,21,Male,1,0,No (Alcohol Not Involved),No (Drugs Not Involved),0,0,0,0,12,422,15,1999,1FMRU1764XLB,No Trailing Unit,Not Applicable,No,998,0,0,0,0,No,0,0,0,0,Not Reported,Not Reported,Not Reported,1,13,0
53,Washington,530365,1,33,1960,16,9,2015,4,21,0,2,4,4,8,0,No,3,Four-Way Intersection,None,1,3,2,0,0,0,1,1,1,No Rollover,21,Male,1,0,No (Alcohol Not Involved),No (Drugs Not Involved),0,0,0,0,12,422,15,2000,1FMRU1764YLB,No Trailing Unit,Not Applicable,No,998,98,0,0,2,No,0,0,0,0,Straight,Level,"Blacktop, Bituminous, or Asphalt",2,13,0
53,Washington,530365,1,33,1960,16,9,2015,4,21,0,2,4,4,8,0,No,3,Four-Way Intersection,None,1,3,2,0,0,0,1,1,1,No Rollover,21,Male,1,0,No (Alcohol Not Involved),No (Drugs Not Involved),0,0,0,0,12,422,15,1999,1FMRU1769XLC,No Trailing Unit,Not Applicable,No,998,0,0,0,0,No,0,0,0,0,Straight,Level,Not Reported,1,13,0
53,Washington,530365,1,33,1960,16,9,2015,4,21,0,2,4,4,8,0,No,3,Four-Way Intersection,None,1,3,2,0,0,0,1,1,1,No Rollover,21,Male,1,0,No (Alcohol Not Involved),No (Drugs Not Involved),0,0,0,0,12,422,15,1999,1FMRU176XXLB,No Trailing Unit,Not Applicable,No,998,0,0,0,0,No,0,0,0,0,Not Reported,Level,Not Reported,1,13,0
53,Washington,530365,1,33,1960,16,9,2015,4,21,0,2,4,4,8,0,No,3,Four-Way Intersection,None,1,3,2,0,0,0,1,1,1,No Rollover,21,Male,1,0,No (Alcohol Not Involved),No (Drugs Not Involved),0,0,0,0,12,401,14,1998,1FMRU17L0WLC,No Trailing Unit,Not Applicable,No,998,0,0,0,0,No,0,0,0,0,Straight,Level,"Blacktop, Bituminous, or Asphalt",1,13,0
53,Washington,530365,1,33,1960,16,9,2015,4,21,0,2,4,4,8,0,No,3,Four-Way Intersection,None,1,3,2,0,0,0,1,1,1,No Rollover,21,Male,1,0,No (Alcohol Not Involved),No (Drugs Not Involved),0,0,0,0,12,422,15,2003,1FMRU17L13LA,No Trailing Unit,Not Applicable,No,998,98,0,0,0,No,0,0,0,0,Straight,Level,"Blacktop, Bituminous, or Asphalt",2,13,0
53,Washington,530365,1,33,1960,16,9,2015,4,21,0,2,4,4,8,0,No,3,Four-Way Intersection,None,1,3,2,0,0,0,1,1,1,No Rollover,21,Male,1,0,No (Alcohol Not Involved),No (Drugs Not Involved),0,0,0,0,12,422,15,1998,1FMRU17L8WLC,No Trailing Unit,Not Applicable,No,55,0,0,0,0,No,0,0,0,0,Straight,Level,Not Reported,1,13,0
53,Washington,530365,1,33,1960,16,9,2015,4,21,0,2,4,4,8,0,No,3,Four-Way Intersection,None,1,3,2,0,0,0,1,1,1,No Rollover,21,Male,1,0,No (Alcohol Not Involved),No (Drugs Not Involved),0,0,0,0,12,422,15,1999,1FMRU1864XLA,No Trailing Unit,Not Applicable,No,35,2,0,0,0,No,0,0,0,0,Straight,Level,"Blacktop, Bituminous, or Asphalt",1,13,0
53,Washington,530365,1,33,1960,16,9,2015,4,21,0,2,4,4,8,0,No,3,Four-Way Intersection,None,1,3,2,0,0,0,1,1,1,No Rollover,21,Male,1,0,No (Alcohol Not Involved),No (Drugs Not Involved),0,0,0,0,12,422,15,1999,1FMRU1868XLA,No Trailing Unit,Not Applicable,No,40,0,0,0,0,No,0,0,0,0,Straight,Level,"Blacktop, Bituminous, or Asphalt",1,13,0
53,Washington,530365,1,33,1960,16,9,2015,4,21,0,2,4,4,8,0,No,3,Four-Way Intersection,None,1,3,2,0,0,0,1,1,1,No Rollover,21,Male,1,0,No (Alcohol Not Involved),No (Drugs Not Involved),0,0,0,0,12,423,16,2002,1FMSU43F12EB,No Trailing Unit,Not Applicable,No,998,0,0,0,0,No,0,0,0,0,Straight,Level,Concrete,2,13,0
53,Washington,530365,1,33,1960,16,9,2015,4,21,0,2,4,4,8,0,No,3,Four-Way Intersection,None,1,3,2,0,0,0,1,1,1,No Rollover,21,Male,1,0,No (Alcohol Not Involved),No (Drugs Not Involved),0,0,0,0,12,402,14,2001,1FMYU01121KA,No Trailing Unit,Not Applicable,No,998,98,0,0,0,No,0,0,0,0,Straight,"Grade, Unknown Slope","Blacktop, Bituminous, or Asphalt",1,13,0
53,Washington,530365,1,33,1960,16,9,2015,4,21,0,2,4,4,8,0,No,3,Four-Way Intersection,None,1,3,2,0,0,0,1,1,1,No Rollover,21,Male,1,0,No (Alcohol Not Involved),No (Drugs Not Involved),0,0,0,0,12,402,14,2003,1FMYU02153KB,No Trailing Unit,Not Applicable,No,35,1,2,0,0,No,0,0,0,0,Straight,Level,Not Reported,1,13,0
53,Washington,530365,1,33,1960,16,9,2015,4,21,0,2,4,4,8,0,No,3,Four-Way Intersection,None,1,3,2,0,0,0,1,1,1,No Rollover,21,Male,1,0,No (Alcohol Not Involved),No (Drugs Not Involved),0,0,0,0,12,402,14,2006,1FMYU03106KA,No Trailing Unit,Not Applicable,No,999,0,0,0,0,No,0,0,0,0,Non-Trafficway or Driveway Access,Non-Trafficway or Driveway Access,Non-Trafficway or Driveway Access,0,92,0
53,Washington,530365,1,33,1960,16,9,2015,4,21,0,2,4,4,8,0,No,3,Four-Way Intersection,None,1,3,2,0,0,0,1,1,1,No Rollover,21,Male,1,0,No (Alcohol Not Involved),No (Drugs Not Involved),0,0,0,0,12,402,14,2006,1FMYU03116KA,No Trailing Unit,Not Applicable,No,998,0,0,0,0,Unknown,6,0,0,0,Curve Right,"Grade, Unknown Slope","Blacktop, Bituminous, or Asphalt",1,13,0
53,Washington,530365,1,33,1960,16,9,2015,4,21,0,2,4,4,8,0,No,3,Four-Way Intersection,None,1,3,2,0,0,0,1,1,1,No Rollover,21,Male,1,0,No (Alcohol Not Involved),No (Drugs Not Involved),0,0,0,0,12,402,14,2003,1FMYU03153KB,No Trailing Unit,Not Applicable,No,45,0,0,0,0,No,0,0,0,0,Straight,Not Reported,Not Reported,1,13,0
53,Washington,530365,1,33,1960,16,9,2015,4,21,0,2,4,4,8,0,No,3,Four-Way Intersection,None,1,3,2,0,0,0,1,1,1,No Rollover,21,Male,1,0,No (Alcohol Not Involved),No (Drugs Not Involved),0,0,0,0,12,402,14,2002,1FMYU03182KA,No Trailing Unit,Not Applicable,No,25,98,0,0,2,No,0,0,0,0,Straight,Level,"Blacktop, Bituminous, or Asphalt",1,13,0
53,Washington,530365,1,33,1960,16,9,2015,4,21,0,2,4,4,8,0,No,3,Four-Way Intersection,None,1,3,2,0,0,0,1,1,1,No Rollover,21,Male,1,0,No (Alcohol Not Involved),No (Drugs Not Involved),0,0,0,0,12,402,14,2001,1FMYU04101KA,No Trailing Unit,Not Applicable,No,998,0,0,0,0,No,99,99,99,99,Straight,Uphill,"Blacktop, Bituminous, or Asphalt",1,13,0
53,Washington,530365,1,33,1960,16,9,2015,4,21,0,2,4,4,8,0,No,3,Four-Way Intersection,None,1,3,2,0,0,0,1,1,1,No Rollover,21,Male,1,0,No (Alcohol Not Involved),No (Drugs Not Involved),0,0,0,0,12,401,14,2002,1FMYU04132KC,No Trailing Unit,Not Applicable,No,998,0,1,0,1,No,0,0,0,0,Straight,Level,"Blacktop, Bituminous, or Asphalt",1,13,0
53,Washington,530365,1,33,1960,16,9,2015,4,21,0,2,4,4,8,0,No,3,Four-Way Intersection,None,1,3,2,0,0,0,1,1,1,No Rollover,21,Male,1,0,No (Alcohol Not Involved),No (Drugs Not Involved),0,0,0,0,12,402,14,2005,1FMYU04155KB,No Trailing Unit,Not Applicable,No,998,0,0,0,0,No,0,0,0,0,Straight,Level,Concrete,1,13,0
53,Washington,530365,1,33,1960,16,9,2015,4,21,0,2,4,4,8,0,No,3,Four-Way Intersection,None,1,3,2,0,0,0,1,1,1,No Rollover,21,Male,1,0,No (Alcohol Not Involved),No (Drugs Not Involved),0,0,0,0,12,402,14,2001,1FMYU04161KB,No Trailing Unit,Not Applicable,No,998,0,0,0,0,No,0,0,0,0,Straight,Level,"Blacktop, Bituminous, or Asphalt",1,13,0
53,Washington,530365,1,33,1960,16,9,2015,4,21,0,2,4,4,8,0,No,3,Four-Way Intersection,None,1,3,2,0,0,0,1,1,1,No Rollover,21,Male,1,0,No (Alcohol Not Involved),No (Drugs Not Involved),0,0,0,0,12,402,14,2001,1FMYU041X1KE,No Trailing Unit,Not Applicable,No,998,0,0,0,0,No,0,0,0,0,Straight,Level,Concrete,1,13,0
53,Washington,530365,1,33,1960,16,9,2015,4,21,0,2,4,4,8,0,No,3,Four-Way Intersection,None,1,3,2,0,0,0,1,1,1,No Rollover,21,Male,1,0,No (Alcohol Not Involved),No (Drugs Not Involved),0,0,0,0,12,401,14,2003,1FMYU60E93UC,No Trailing Unit,Not Applicable,No,998,0,1,0,0,Unknown,91,0,0,0,Straight,Level,"Blacktop, Bituminous, or Asphalt",1,13,0
53,Washington,530365,1,33,1960,16,9,2015,4,21,0,2,4,4,8,0,No,3,Four-Way Intersection,None,1,3,2,0,0,0,1,1,1,No Rollover,21,Male,1,0,No (Alcohol Not Involved),No (Drugs Not Involved),0,0,0,0,12,401,14,2000,1FMYU70E5YUA,No Trailing Unit,Not Applicable,No,999,1,1,0,0,No,0,0,0,0,Straight,Level,"Blacktop, Bituminous, or Asphalt",1,13,0
53,Washington,530365,1,33,1960,16,9,2015,4,21,0,2,4,4,8,0,No,3,Four-Way Intersection,None,1,3,2,0,0,0,1,1,1,No Rollover,21,Male,1,0,No (Alcohol Not Involved),No (Drugs Not Involved),0,0,0,0,12,401,14,2000,1FMYU70E7YUA,No Trailing Unit,Not Applicable,No,998,0,1,0,2,No,0,0,0,0,Straight,Level,"Blacktop, Bituminous, or Asphalt",1,13,0
53,Washington,530365,1,33,1960,16,9,2015,4,21,0,2,4,4,8,0,No,3,Four-Way Intersection,None,1,3,2,0,0,0,1,1,1,No Rollover,21,Male,1,0,No (Alcohol Not Involved),No (Drugs Not Involved),0,0,0,0,12,473,30,2001,1FMYU70E91UC,No Trailing Unit,Not Applicable,No,998,0,0,0,0,No,0,0,0,0,Non-Trafficway or Driveway Access,Non-Trafficway or Driveway Access,Non-Trafficway or Driveway Access,0,98,0
53,Washington,530365,1,33,1960,16,9,2015,4,21,0,2,4,4,8,0,No,3,Four-Way Intersection,None,1,3,2,0,0,0,1,1,1,No Rollover,21,Male,1,0,No (Alcohol Not Involved),No (Drugs Not Involved),0,0,0,0,12,402,14,2006,1FMYU93106KC,No Trailing Unit,Not Applicable,No,998,0,0,0,2,No,0,0,0,0,Straight,Level,"Blacktop, Bituminous, or Asphalt",1,13,0
53,Washington,530365,1,33,1960,16,9,2015,4,21,0,2,4,4,8,0,No,3,Four-Way Intersection,None,1,3,2,0,0,0,1,1,1,No Rollover,21,Male,1,0,No (Alcohol Not Involved),No (Drugs Not Involved),0,0,0,0,12,402,14,2007,1FMYU93107KA,No Trailing Unit,Not Applicable,No,998,1,0,0,0,No,38,0,0,0,Straight,Level,"Blacktop, Bituminous, or Asphalt",2,13,0
53,Washington,530365,1,33,1960,16,9,2015,4,21,0,2,4,4,8,0,No,3,Four-Way Intersection,None,1,3,2,0,0,0,1,1,1,No Rollover,21,Male,1,0,No (Alcohol Not Involved),No (Drugs Not Involved),0,0,0,0,12,402,14,2006,1FMYU93116KB,No Trailing Unit,Not Applicable,No,50,1,0,0,0,"Yes, Too Fast for Conditions",6,52,0,0,Curve Left,Downhill,Concrete,10,13,0
53,Washington,530365,1,33,1960,16,9,2015,4,21,0,2,4,4,8,0,No,3,Four-Way Intersection,None,1,3,2,0,0,0,1,1,1,No Rollover,21,Male,1,0,No (Alcohol Not Involved),No (Drugs Not Involved),0,0,0,0,12,402,14,2004,1FMYU93164KB,No Trailing Unit,Not Applicable,No,998,0,0,0,0,No,0,0,0,0,Straight,Level,Not Reported,1,13,0
53,Washington,530365,1,33,1960,16,9,2015,4,21,0,2,4,4,8,0,No,3,Four-Way Intersection,None,1,3,2,0,0,0,1,1,1,No Rollover,21,Male,1,0,No (Alcohol Not Involved),No (Drugs Not Involved),0,0,0,0,12,402,14,2005,1FMYU93175DA,No Trailing Unit,Not Applicable,No,0,98,0,0,0,No,54,0,0,0,Straight,Level,"Blacktop, Bituminous, or Asphalt",2,21,0
53,Washington,530365,1,33,1960,16,9,2015,4,21,0,2,4,4,8,0,No,3,Four-Way Intersection,None,1,3,2,0,0,0,1,1,1,No Rollover,21,Male,1,0,No (Alcohol Not Involved),No (Drugs Not Involved),0,0,0,0,12,402,14,2007,1FMYU94177KA,No Trailing Unit,Not Applicable,No,30,98,0,0,1,No,0,0,0,0,Straight,Level,"Blacktop, Bituminous, or Asphalt",1,13,0
53,Washington,530365,1,33,1960,16,9,2015,4,21,0,2,4,4,8,0,No,3,Four-Way Intersection,None,1,3,2,0,0,0,1,1,1,No Rollover,21,Male,1,0,No (Alcohol Not Involved),No (Drugs Not Involved),0,0,0,0,12,22,6,2006,1FMZK01116GA,No Trailing Unit,Not Applicable,No,998,0,0,0,0,No,0,0,0,0,Straight,Level,Not Reported,2,13,0
53,Washington,530365,1,33,1960,16,9,2015,4,21,0,2,4,4,8,0,No,3,Four-Way Intersection,None,1,3,2,0,0,0,1,1,1,No Rollover,21,Male,1,0,No (Alcohol Not Involved),No (Drugs Not Involved),0,0,0,0,12,22,6,2006,1FMZK03186GA,No Trailing Unit,Not Applicable,No,999,0,0,0,0,No,0,0,0,0,Straight,Level,"Blacktop, Bituminous, or Asphalt",2,13,0
53,Washington,530365,1,33,1960,16,9,2015,4,21,0,2,4,4,8,0,No,3,Four-Way Intersection,None,1,3,2,0,0,0,1,1,1,No Rollover,21,Male,1,0,No (Alcohol Not Involved),No (Drugs Not Involved),0,0,0,0,12,22,6,2006,1FMZK04186GA,No Trailing Unit,Not Applicable,No,998,98,0,0,1,No,36,85,0,0,Straight,Level,"Blacktop, Bituminous, or Asphalt",1,13,0
53,Washington,530365,1,33,1960,16,9,2015,4,21,0,2,4,4,8,0,No,3,Four-Way Intersection,None,1,3,2,0,0,0,1,1,1,No Rollover,21,Male,1,0,No (Alcohol Not Involved),No (Drugs Not Involved),0,0,0,0,12,401,14,1999,1FMZU24E5XUB,No Trailing Unit,Not Applicable,No,999,1,0,0,0,No,0,0,0,0,Straight,Level,"Blacktop, Bituminous, or Asphalt",1,13,0
53,Washington,530365,1,33,1960,16,9,2015,4,21,0,2,4,4,8,0,No,3,Four-Way Intersection,None,1,3,2,0,0,0,1,1,1,No Rollover,21,Male,1,0,No (Alcohol Not Involved),No (Drugs Not Involved),0,0,0,0,12,401,14,1998,1FMZU32E4WUA,No Trailing Unit,Not Applicable,No,30,0,0,0,0,No,0,0,0,0,Straight,Level,"Blacktop, Bituminous, or Asphalt",1,13,0
53,Washington,530365,1,33,1960,16,9,2015,4,21,0,2,4,4,8,0,No,3,Four-Way Intersection,None,1,3,2,0,0,0,1,1,1,No Rollover,21,Male,1,0,No (Alcohol Not Involved),No (Drugs Not Involved),0,0,0,0,12,401,14,1998,1FMZU32E7WZA,No Trailing Unit,Not Applicable,No,13,0,2,1,0,No,0,0,0,0,Straight,Level,"Blacktop, Bituminous, or Asphalt",1,13,0
53,Washington,530365,1,33,1960,16,9,2015,4,21,0,2,4,4,8,0,No,3,Four-Way Intersection,None,1,3,2,0,0,0,1,1,1,No Rollover,21,Male,1,0,No (Alcohol Not Involved),No (Drugs Not Involved),0,0,0,0,12,401,14,1999,1FMZU34E9XZA,No Trailing Unit,Not Applicable,No,998,1,0,0,0,No,36,91,0,0,Straight,Level,"Blacktop, Bituminous, or Asphalt",2,13,0
53,Washington,530365,1,33,1960,16,9,2015,4,21,0,2,4,4,8,0,No,3,Four-Way Intersection,None,1,3,2,0,0,0,1,1,1,No Rollover,21,Male,1,0,No (Alcohol Not Involved),No (Drugs Not Involved),0,0,0,0,12,401,14,1999,1FMZU34XXXUC,No Trailing Unit,Not Applicable,No,998,2,8,0,1,No,0,0,0,0,Straight,Level,Not Reported,1,13,0
53,Washington,530365,1,33,1960,16,9,2015,4,21,0,2,4,4,8,0,No,3,Four-Way Intersection,None,1,3,2,0,0,0,1,1,1,No Rollover,21,Male,1,0,No (Alcohol Not Involved),No (Drugs Not Involved),0,0,0,0,12,401,14,1998,1FMZU35P2WZB,No Trailing Unit,Not Applicable,No,998,0,0,0,0,Unknown,89,39,0,0,Non-Trafficway or Driveway Access,Non-Trafficway or Driveway Access,Non-Trafficway or Driveway Access,0,13,0
53,Washington,530365,1,33,1960,16,9,2015,4,21,0,2,4,4,8,0,No,3,Four-Way Intersection,None,1,3,2,0,0,0,1,1,1,No Rollover,21,Male,1,0,No (Alcohol Not Involved),No (Drugs Not Involved),0,0,0,0,12,401,14,2002,1FMZU62E22ZC,No Trailing Unit,Not Applicable,No,65,0,1,0,0,No,0,0,0,0,Not Reported,Not Reported,Concrete,1,13,0
53,Washington,530365,1,33,1960,16,9,2015,4,21,0,2,4,4,8,0,No,3,Four-Way Intersection,None,1,3,2,0,0,0,1,1,1,No Rollover,21,Male,1,0,No (Alcohol Not Involved),No (Drugs Not Involved),0,0,0,0,12,401,14,2005,1FMZU62EX5UA,No Trailing Unit,Not Applicable,No,40,0,0,0,0,No,0,0,0,0,Straight,Level,Concrete,1,13,0
53,Washington,530365,1,33,1960,16,9,2015,4,21,0,2,4,4,8,0,No,3,Four-Way Intersection,None,1,3,2,0,0,0,1,1,1,No Rollover,21,Male,1,0,No (Alcohol Not Involved),No (Drugs Not Involved),0,0,0,0,12,401,14,2004,1FMZU62K54UA,No Trailing Unit,Not Applicable,No,57,0,0,0,0,No,0,0,0,0,Straight,Level,Not Reported,1,6,0
53,Washington,530365,1,33,1960,16,9,2015,4,21,0,2,4,4,8,0,No,3,Four-Way Intersection,None,1,3,2,0,0,0,1,1,1,No Rollover,21,Male,1,0,No (Alcohol Not Involved),No (Drugs Not Involved),0,0,0,0,12,401,14,2004,1FMZU62KX4UA,No Trailing Unit,Not Applicable,No,25,0,0,0,1,No,0,0,0,0,Straight,Level,Not Reported,1,13,0
53,Washington,530365,1,33,1960,16,9,2015,4,21,0,2,4,4,8,0,No,3,Four-Way Intersection,None,1,3,2,0,0,0,1,1,1,No Rollover,21,Male,1,0,No (Alcohol Not Involved),No (Drugs Not Involved),0,0,0,0,12,401,14,2002,1FMZU63K22ZC,No Trailing Unit,Not Applicable,No,998,0,0,0,0,No,0,0,0,0,Straight,Level,Not Reported,1,13,0
53,Washington,530365,1,33,1960,16,9,2015,4,21,0,2,4,4,8,0,No,3,Four-Way Intersection,None,1,3,2,0,0,0,1,1,1,No Rollover,21,Male,1,0,No (Alcohol Not Involved),No (Drugs Not Involved),0,0,0,0,12,401,14,2003,1FMZU63K63UA,No Trailing Unit,Not Applicable,No,999,0,4,1,1,No,0,0,0,0,Straight,Level,"Blacktop, Bituminous, or Asphalt",1,13,0
53,Washington,530365,1,33,1960,16,9,2015,4,21,0,2,4,4,8,0,No,3,Four-Way Intersection,None,1,3,2,0,0,0,1,1,1,No Rollover,21,Male,1,0,No (Alcohol Not Involved),No (Drugs Not Involved),0,0,0,0,12,401,14,2004,1FMZU63W84UB,No Trailing Unit,Not Applicable,No,998,0,0,0,0,No,0,0,0,0,Not Reported,Not Reported,Dirt,2,13,0
53,Washington,530365,1,33,1960,16,9,2015,4,21,0,2,4,4,8,0,No,3,Four-Way Intersection,None,1,3,2,0,0,0,1,1,1,No Rollover,21,Male,1,0,No (Alcohol Not Involved),No (Drugs Not Involved),0,0,0,0,12,401,14,2002,1FMZU64E92UA,No Trailing Unit,Not Applicable,No,40,0,0,0,0,No,0,0,0,0,Straight,Level,"Blacktop, Bituminous, or Asphalt",1,13,0
53,Washington,530365,1,33,1960,16,9,2015,4,21,0,2,4,4,8,0,No,3,Four-Way Intersection,None,1,3,2,0,0,0,1,1,1,No Rollover,21,Male,1,0,No (Alcohol Not Involved),No (Drugs Not Involved),0,0,0,0,12,401,14,2002,1FMZU67E62UD,No Trailing Unit,Not Applicable,No,998,98,0,0,0,"Yes, Too Fast for Conditions",37,51,36,0,Curve Left,Uphill,"Blacktop, Bituminous, or Asphalt",1,2,0
53,Washington,530365,1,33,1960,16,9,2015,4,21,0,2,4,4,8,0,No,3,Four-Way Intersection,None,1,3,2,0,0,0,1,1,1,No Rollover,21,Male,1,0,No (Alcohol Not Involved),No (Drugs Not Involved),0,0,0,0,12,473,30,2004,1FMZU67K94UC,No Trailing Unit,Not Applicable,No,998,0,2,0,0,No,0,0,0,0,Straight,Level,"Blacktop, Bituminous, or Asphalt",2,13,0
53,Washington,530365,1,33,1960,16,9,2015,4,21,0,2,4,4,8,0,No,3,Four-Way Intersection,None,1,3,2,0,0,0,1,1,1,No Rollover,21,Male,1,0,No (Alcohol Not Involved),No (Drugs Not Involved),0,0,0,0,12,401,14,2002,1FMZU72E02ZA,No Trailing Unit,Not Applicable,No,65,2,0,0,0,No,28,0,0,0,Straight,Downhill,"Blacktop, Bituminous, or Asphalt",1,1,0
53,Washington,530365,1,33,1960,16,9,2015,4,21,0,2,4,4,8,0,No,3,Four-Way Intersection,None,1,3,2,0,0,0,1,1,1,No Rollover,21,Male,1,0,No (Alcohol Not Involved),No (Drugs Not Involved),0,0,0,0,12,401,14,2002,1FMZU73E12UB,No Trailing Unit,Not Applicable,No,998,1,4,0,0,No,38,0,0,0,Straight,Not Reported,Not Reported,1,89,0